id,bid,user_id,用户昵称,微博正文,头条文章url,发布位置,艾特用户,话题,转发数,评论数,点赞数,发布时间,发布工具,微博图片url,微博视频url,retweet_id
4.81158E+15,M4R8uxXnr,5867390462,小小芸说体育,大厨这颠勺的高境界，服气#美食##向往的美食#L挖图志的秒拍视频,,,,"美食,向往的美食",0,0,0,2022/9/8 23:55,微博 weibo.com,,"http://f.us.sinaimg.cn/003myZvulx07lFOOi60E010402003Fth0k010.mp4?label=mp4_hd&template=360x640.28&ori=0&ps=1BVp4ysnknHVZu&Expires=1665145389&ssig=GskC7KzXxC&KID=unistore,video",
4.81158E+15,M4R8tBqpl,6008238571,青山平人,火爆街头的mini糖葫芦，在家也能轻松复刻，比外面卖的还好吃呢～美的会员日#美食##向往的美食#L思想牢笼的微博视频,,,,"美食,向往的美食",0,0,0,2022/9/8 23:55,微博 weibo.com,,"http://f.video.weibocdn.com/o0/KB9zfAXQlx07RtUayEg801041200sfRv0E010.mp4?label=mp4_720p&template=1024x576.25.0&trans_finger=1f0da16358befad33323e3a1b7f95fc9&ori=0&ps=1BVp4ysnknHVZu&Expires=1665145389&ssig=GV1VacTl%2B6&KID=unistore,video",
4.81158E+15,M4R8tpjmq,5706480250,小迪是你爹,看了这些切水果的我感觉我不会吃水果了。。。?#美食##向往的美食#L让你逗我笑的微博视频,,,,"美食,向往的美食",0,0,0,2022/9/8 23:55,微博 weibo.com,,"http://f.video.weibocdn.com/WCzt5NDglx07NP7PKr0401041200SE0a0E010.mp4?label=mp4_hd&template=480x852.24.0&trans_finger=7c347e6ee1691b93dc7e5726f4ef34b3&ori=0&ps=1BVp4ysnknHVZu&Expires=1665145389&ssig=QeCw6Ii47f&KID=unistore,video",
4.81158E+15,M4R8sci3K,5867390462,小小芸说体育,日本节目：日本女孩说只吃日本食物，被打脸。后面的小伙子更逗?#美食##向往的美食#L这个要火的节奏的微博视频,,,,"美食,向往的美食",0,0,0,2022/9/8 23:55,微博 weibo.com,,"http://f.video.weibocdn.com/rRkM5q1Mlx07NTZcA8Xu01041200jZKH0E010.mp4?label=mp4_hd&template=852x480.25.0&trans_finger=62b30a3f061b162e421008955c73f536&ori=0&ps=1BVp4ysnknHVZu&Expires=1665145389&ssig=HholDkNoqc&KID=unistore,video",
4.81158E+15,M4R8sbb4w,3963184341,微笑3963184341,第一次吃这个，过程有点繁琐。?#美食##向往的美食#L笑趴了的微博视频,,,,"美食,向往的美食",0,0,0,2022/9/8 23:55,微博 weibo.com,,"http://f.video.weibocdn.com/V6esRAUalx07OUWhNTEk01041200xixf0E010.mp4?label=mp4_720p&template=720x1280.24.0&trans_finger=0dec003e4dad885964301ff5a1db7715&ori=0&ps=1BVp4ysnknHVZu&Expires=1665145389&ssig=pIESe0LZiB&KID=unistore,video",
4.81158E+15,M4R7DEjRF,2200568864,广州博森量化交易,暴雨和烧烤应该更搭#美食#L广州博森量化交易的微博视频,,,,美食,0,1,0,2022/9/8 23:53,d5335b微信Android,,"http://f.video.weibocdn.com/u0/7v60siPegx07Z3Q7G77a01041200bnx00E010.mp4?label=mp4_720p&template=720x1280.24.0&ori=0&ps=1BVp4ysnknHVZu&Expires=1665145389&ssig=v6nxfgbxPZ&KID=unistore,video",
4.81157E+15,M4R6IhEJA,5713406138,男的确实不行,微博就不发拼图版的了#美食#晚安,,绵阳,,美食,0,3,3,2022/9/8 23:50,晚安超话,"['https://wx1.sinaimg.cn/large/006eERVUgy1h5zmsyio4wj32tc2tcdvr.jpg', 'https://wx3.sinaimg.cn/large/006eERVUgy1h5zmt1btxaj335s23ub29.jpg', 'https://wx2.sinaimg.cn/large/006eERVUgy1h5zmt305oej31vx1vxk2z.jpg', 'https://wx1.sinaimg.cn/large/006eERVUgy1h5zmshi3a8j30op0dw78g.jpg', 'https://wx1.sinaimg.cn/large/006eERVUgy1h5zmsgokw1j30q40epdkx.jpg', 'https://wx4.sinaimg.cn/large/006eERVUgy1h5zmshwfeaj30ts0grmy6.jpg', 'https://wx3.sinaimg.cn/large/006eERVUgy1h5zmsh3yf4j30sb0fx0xw.jpg', 'https://wx1.sinaimg.cn/large/006eERVUgy1h5zmskmtt6j30r30f73yw.jpg', 'https://wx1.sinaimg.cn/large/006eERVUgy1h5zmsk5i4fj30nq0dc0ux.jpg']",,
4.81157E+15,M4R5A2ymj,2486524754,糊涂说释,#美食#假期就这么简单。,,,,美食,0,0,1,2022/9/8 23:47,爱你99Android,"['https://wx3.sinaimg.cn/large/94355b52gy1h50xqoi72aj22bc334kjn.jpg', 'https://wx4.sinaimg.cn/large/94355b52gy1h50xqq2xtoj22bc334qv7.jpg', 'https://wx4.sinaimg.cn/large/94355b52gy1h50xqsyge3j22bc334hdw.jpg', 'https://wx4.sinaimg.cn/large/94355b52gy1h50xquot63j22bc334npf.jpg', 'https://wx2.sinaimg.cn/large/94355b52gy1h5zmqlhyuuj22bc334qv7.jpg', 'https://wx2.sinaimg.cn/large/94355b52gy1h5zmqn6k3gj22bc3341l0.jpg', 'https://wx4.sinaimg.cn/large/94355b52gy1h5zmqosxi0j22bc334u0z.jpg']",,
4.81157E+15,M4R5dcTlq,7331883337,不二日食,"""炸茄盒""小酥肉粉#不可辜负的美食##美食##新星v计划#L不二日食的微博视频",,,,"不可辜负的美食,美食,新星v计划",11,9,19,2022/9/8 23:47,微博视频号,,"http://f.video.weibocdn.com/o0/MIJ23FMSlx07Z2PiTdhm01041200GMdV0E010.mp4?label=mp4_720p&template=720x960.24.0&ori=0&ps=1BVp4ysnknHVZu&Expires=1665145389&ssig=KlXMatoBIl&KID=unistore,video",
4.81157E+15,M4R4pm3Ca,5069559638,黔灵山上称霸王,火爆街头的mini糖葫芦，在家也能轻松复刻，比外面卖的还好吃呢～美的会员日#美食##向往的美食#L思想牢笼的微博视频,,,,"美食,向往的美食",0,0,0,2022/9/8 23:45,微博 weibo.com,,"http://f.video.weibocdn.com/o0/KB9zfAXQlx07RtUayEg801041200sfRv0E010.mp4?label=mp4_720p&template=1024x576.25.0&trans_finger=1f0da16358befad33323e3a1b7f95fc9&ori=0&ps=1BVp4ysnknHVZu&Expires=1665145389&ssig=GV1VacTl%2B6&KID=unistore,video",
4.81085E+15,M4yjukP0P,2219628231,我有七彩祥云i,十块钱的水果，硬是摆出了吃不起的样子！太酷了！喜欢仪式感的可以学一学！？#美食##向往的美食#L这个要火的节奏的微博视频,,,,"美食,向往的美食",0,0,0,2022/9/7 0:00,微博 weibo.com,,"http://f.video.weibocdn.com/DQji9Vjolx07MSF0ubdK010412004NSQ0E010.mp4?label=mp4_ld&template=360x632.24.0&trans_finger=81b11b8c5ffb62d33ceb3244bdd17e7b&ori=0&ps=1BVp4ysnknHVZu&Expires=1665145412&ssig=T4vkYe9PfC&KID=unistore,video",
4.81085E+15,M4yhvruRd,3963184341,微笑3963184341,监控拍下的餐厅小龙虾的做法，这个你能接受吗？#美食##向往的美食#L让你逗我笑的微博视频,,,,"美食,向往的美食",0,0,0,2022/9/6 23:55,微博 weibo.com,,"http://f.video.weibocdn.com/o0/k8XwfptOlx07QU9V7OdG01041200t9Te0E010.mp4?label=mp4_720p&template=720x1280.24.0&trans_finger=0dec003e4dad885964301ff5a1db7715&ori=0&ps=1BVp4ysnknHVZu&Expires=1665145412&ssig=hqz6NiXH%2F1&KID=unistore,video",
4.81085E+15,M4yhvsBQ7,5867390462,小小芸说体育,终于对我的榴莲下手了，感觉还不错这个盲盒很Ok爱了爱了?#美食##向往的美食#L娱乐胶囊的微博视频,,,,"美食,向往的美食",0,0,0,2022/9/6 23:55,微博 weibo.com,,"http://f.video.weibocdn.com/8DVvf4nxlx07N3f3GPhe010412018E6b0E010.mp4?label=mp4_720p&template=720x1280.24.0&trans_finger=c3f00996be5378650057cf237d7bfffd&ori=0&ps=1BVp4ysnknHVZu&Expires=1665145412&ssig=c3B%2Bogzoqp&KID=unistore,video",
4.81085E+15,M4yhtCPmP,5706480250,小迪是你爹,好家伙，老式蛋糕的裱花都这么拽么！?#美食##向往的美食#L秃头了的贫僧的微博视频,,,,"美食,向往的美食",0,0,0,2022/9/6 23:55,微博 weibo.com,,"http://f.video.weibocdn.com/0CeFlvkglx07Oeiqw4M801041200oQAA0E010.mp4?label=mp4_hd&template=576x1024.24.0&trans_finger=7c347e6ee1691b93dc7e5726f4ef34b3&ori=0&ps=1BVp4ysnknHVZu&Expires=1665145412&ssig=YIw6EqGObe&KID=unistore,video",
4.81085E+15,M4yhtleC3,5455502166,欧耶year,苹果的正确吃法？#美食##向往的美食#L这个要火的节奏的微博视频,,,,"美食,向往的美食",0,0,0,2022/9/6 23:55,微博 weibo.com,,"http://f.video.weibocdn.com/Mzig6V7Ulx07MVy8sZD201041200q9H70E010.mp4?label=mp4_hd&template=576x1024.24.0&trans_finger=7c347e6ee1691b93dc7e5726f4ef34b3&ori=0&ps=1BVp4ysnknHVZu&Expires=1665145412&ssig=gr49jMUtMB&KID=unistore,video",
4.81085E+15,M4yhtleGM,5479529481,小小亮说体育,第一次见这种包法。??#美食##向往的美食#L秃头了的贫僧的微博视频,,,,"美食,向往的美食",0,0,0,2022/9/6 23:55,微博 weibo.com,,"http://f.video.weibocdn.com/PyYOpI2Ilx07N5i8K7tu01041200UoLH0E010.mp4?label=mp4_hd&template=656x1008.24.0&trans_finger=7c347e6ee1691b93dc7e5726f4ef34b3&ori=0&ps=1BVp4ysnknHVZu&Expires=1665145412&ssig=rtj%2Be8MQd3&KID=unistore,video",
4.81085E+15,M4yhtnqlQ,3867943997,小棉花的喵生很美好,以前听老人说过，吃牛蹄干活有力气，我把做法分享给大家。#美食##向往的美食#L让你逗我笑的微博视频,,,,"美食,向往的美食",0,0,0,2022/9/6 23:55,微博 weibo.com,,"http://f.video.weibocdn.com/o0/Kqhx0CH9lx07R09y88Gs01041203ICOp0E020.mp4?label=mp4_720p&template=720x1280.24.0&trans_finger=0dec003e4dad885964301ff5a1db7715&ori=0&ps=1BVp4ysnknHVZu&Expires=1665145412&ssig=NIr5zbZ54b&KID=unistore,video",
4.81085E+15,M4yhtpDnT,5409941800,特南克斯punk,大叔30多年只卖荤菜，几次涨价依旧火爆，老顾客一周来吃5次?#美食##向往的美食#L娱乐胶囊的微博视频,,,,"美食,向往的美食",0,0,0,2022/9/6 23:55,微博 weibo.com,,"http://f.video.weibocdn.com/kRQ5J1stlx07N2UYuWBO01041200HdNy0E010.mp4?label=mp4_720p&template=1280x720.25.0&trans_finger=1f0da16358befad33323e3a1b7f95fc9&ori=0&ps=1BVp4ysnknHVZu&Expires=1665145412&ssig=%2F%2BoH03wScz&KID=unistore,video",
4.81085E+15,M4yht3DS3,5867390462,小小芸说体育,原来可以这样削和切水果，学到了?#美食##向往的美食#L奇贱哥的微博视频,,,,"美食,向往的美食",0,0,0,2022/9/6 23:55,微博 weibo.com,,"http://f.video.weibocdn.com/KYpHch6Mlx07MHJiqoBa01041201qdDu0E010.mp4?label=mp4_720p&template=720x1280.24.0&trans_finger=c3f00996be5378650057cf237d7bfffd&ori=0&ps=1BVp4ysnknHVZu&Expires=1665145412&ssig=XpgrYxFuWQ&KID=unistore,video",
4.81085E+15,M4yht2wJi,3963184341,微笑3963184341,速度致胜时代煎饼果子升级了，纯果蔬制作，营养健康时尚。?你想吃了吗？??#美食##向往的美食#L秃头了的贫僧的微博视频,,,,"美食,向往的美食",0,0,0,2022/9/6 23:55,微博 weibo.com,,"http://f.video.weibocdn.com/wo2KUOLslx07McBgxNG801041200jY0p0E010.mp4?label=mp4_ld&template=360x640.24.0&trans_finger=81b11b8c5ffb62d33ceb3244bdd17e7b&ori=0&ps=1BVp4ysnknHVZu&Expires=1665145412&ssig=bwJJNxv4pa&KID=unistore,video",
4.81049E+15,M4oR9tw6L,1842617722,张开心阿-a,第一次试菜还有很多可以改进的我只能说绝真不是料理包能比的?明天试菜点餐的菜品即将开业la#重庆##美食#,,重庆・长嘉汇弹子石老街,,"重庆,美食",0,0,3,2022/9/5 23:55,iPhone客户端,"['https://wx4.sinaimg.cn/large/6dd41d7agy1h5w638000nj20u0140jte.jpg', 'https://wx3.sinaimg.cn/large/6dd41d7agy1h5w636c4b9j20u0140dky.jpg', 'https://wx1.sinaimg.cn/large/6dd41d7agy1h5w634rvikj20u0140thd.jpg', 'https://wx4.sinaimg.cn/large/6dd41d7agy1h5w635i5lvj20u011utg6.jpg']",,
4.81049E+15,M4oQZF18W,6008238571,青山平人,一个木匠去做巧克力了这还怎么下口???#美食##向往的美食#L大碗姐的微博视频,,,,"美食,向往的美食",0,0,1,2022/9/5 23:55,微博 weibo.com,,"http://f.video.weibocdn.com/sh8aD1vZlx07LpLT3cMM01041200LsiS0E010.mp4?label=mp4_ld&template=360x636.24.0&trans_finger=81b11b8c5ffb62d33ceb3244bdd17e7b&ori=0&ps=1BVp4ysnknHVZu&Expires=1665145422&ssig=fqu49SksBV&KID=unistore,video",
4.81049E+15,M4oQZrPpM,5867390462,小小芸说体育,油炸油炸方便面面条#美食##向往的美食#Ll情包的微博视频,,,,"美食,向往的美食",0,0,0,2022/9/5 23:55,微博 weibo.com,,"http://f.video.weibocdn.com/27LcNQnVlx07LtwoX6LC010412007Llo0E010.mp4?label=mp4_hd&template=540x778.24.0&trans_finger=7c347e6ee1691b93dc7e5726f4ef34b3&ori=0&ps=1BVp4ysnknHVZu&Expires=1665145422&ssig=tYe7h2qsjN&KID=unistore,video",
4.81049E+15,M4oQZ6VHU,5409941800,特南克斯punk,炖牛肉直接下锅就是大错，用我这种方法炖的牛肉和豆腐一样嫩?#美食##向往的美食#L让你逗我笑的微博视频,,,,"美食,向往的美食",0,0,0,2022/9/5 23:55,微博 weibo.com,,"http://f.video.weibocdn.com/o0/HIhfwBiXlx07T5QCP15K01041201YFpo0E010.mp4?label=mp4_720p&template=720x1280.24.0&trans_finger=0dec003e4dad885964301ff5a1db7715&ori=0&ps=1BVp4ysnknHVZu&Expires=1665145422&ssig=waKuQIr2Uz&KID=unistore,video",
4.81049E+15,M4oQZaeVI,5706480250,小迪是你爹,大厨是怎样切土豆丝的。。。#美食##向往的美食#L暴躁的颜值的微博视频,,,,"美食,向往的美食",0,0,0,2022/9/5 23:55,微博 weibo.com,,"http://f.video.weibocdn.com/OpbWMM81lx07LvqZORKg01041200pPTv0E010.mp4?label=mp4_hd&template=576x1024.24.0&trans_finger=7c347e6ee1691b93dc7e5726f4ef34b3&ori=0&ps=1BVp4ysnknHVZu&Expires=1665145422&ssig=z8H2kL9uVO&KID=unistore,video",
4.81049E+15,M4oQZ5Po5,5479529481,小小亮说体育,为什么辣椒油瞬间沸腾了？#美食##向往的美食#L不形象代言人的秒拍视频,,,,"美食,向往的美食",0,0,0,2022/9/5 23:55,微博 weibo.com,,"http://f.us.sinaimg.cn/003f8FMWlx07ndG95Ls401040200bpnw0k010.mp4?label=mp4_720p&template=720x960.28&ori=0&ps=1BVp4ysnknHVZu&Expires=1665145422&ssig=xCGqFfMvzj&KID=unistore,video",
4.81049E+15,M4oQZ4ILH,5221423533,夏凉了谁_,人类两大欲望的终极对决#美食##向往的美食#L事后胜孔明的微博视频,,,,"美食,向往的美食",0,0,0,2022/9/5 23:55,微博 weibo.com,,"http://f.video.weibocdn.com/wBkCinFZlx07M348f8Ck010412008YQi0E010.mp4?label=mp4_hd&template=480x720.24.0&trans_finger=7c347e6ee1691b93dc7e5726f4ef34b3&ori=0&ps=1BVp4ysnknHVZu&Expires=1665145422&ssig=2koNtO0Atu&KID=unistore,video",
4.81049E+15,M4oQZ4J8x,5455502166,欧耶year,烤牛奶果然好吃，收藏吧！#美食##向往的美食#L这个要火的节奏的微博视频,,,,"美食,向往的美食",0,0,0,2022/9/5 23:55,微博 weibo.com,,"http://f.video.weibocdn.com/lFpcYW82lx07LR2HRBXi01041200dpsT0E010.mp4?label=mp4_720p&template=720x1280.24.0&trans_finger=c3f00996be5378650057cf237d7bfffd&ori=0&ps=1BVp4ysnknHVZu&Expires=1665145422&ssig=NlK2mlQEQD&KID=unistore,video",
4.81049E+15,M4oQYyAVH,3963184341,微笑3963184341,天天只会吃的你们知道这些菜是怎么种出来的吗？有些看起来好神奇啊！涨姿势了！??#美食##向往的美食#L百姓话题的微博视频,,,,"美食,向往的美食",0,0,0,2022/9/5 23:55,微博 weibo.com,,"http://f.video.weibocdn.com/000Ld01zlx07yY9KXTgk01041204axIP0E020.mp4?label=mp4_720p&template=720x1280.24.0&trans_finger=c3f00996be5378650057cf237d7bfffd&ori=0&ps=1BVp4ysnknHVZu&Expires=1665145422&ssig=6JJf89ool4&KID=unistore,video",
4.81013E+15,M4fsoa19J,5407681977,小庚同志工号1716214,日常9月的第一周：多巴胺上升?#建筑##美食#,,,,"建筑,美食",0,0,0,2022/9/4 23:59,日常超话,"['https://wx2.sinaimg.cn/large/005TY573gy1h5v0lj1wwmj32dc35snpe.jpg', 'https://wx1.sinaimg.cn/large/005TY573gy1h5v0ljy737j32b12a3kjl.jpg', 'https://wx4.sinaimg.cn/large/005TY573gy1h5v0llur9ij32dc342qv6.jpg', 'https://wx4.sinaimg.cn/large/005TY573gy1h5v0ln9mmmj32dc2gm45a.jpg', 'https://wx1.sinaimg.cn/large/005TY573gy1h5v0lo3k1dj32dc27l0zu.jpg', 'https://wx2.sinaimg.cn/large/005TY573gy1h5v0lqkni6j32dc35sh3y.jpg']",,
4.81013E+15,M4fs3tTYH,1746825243,饭饭咕噜噜,#plog#打卡瑞幸夏末海盐特殊的海盐味道搭配厚厚的奶盖，喝下一口，不忍心再喝下去，因为已经进入了日本动漫的夏天?#美食##瑞幸#,,,,"plog,美食,瑞幸",0,0,0,2022/9/4 23:58,iPhone客户端,['https://wx3.sinaimg.cn/large/681e701bly1h5v0jcgpl0j20u0140dl2.jpg'],,
4.81013E+15,M4frVwiBb,2516028662,Zhan是Bo的_Joeyna酱,#烧烤#自己烤的就是好吃得不得了#美食#@Hani-芽芽,,,Hani-芽芽,"烧烤,美食",0,0,1,2022/9/4 23:58,iPhone客户端,"['https://wx2.sinaimg.cn/large/95f78cf6gy1h5v0k1aprbj23402c07wj.jpg', 'https://wx1.sinaimg.cn/large/95f78cf6gy1h5v0k4r234j23402c0dzd.jpg', 'https://wx1.sinaimg.cn/large/95f78cf6gy1h5v0k85qcpj22c0340dxz.jpg', 'https://wx4.sinaimg.cn/large/95f78cf6gy1h5v0kb5rmtj20sg6ww1kx.jpg', 'https://wx4.sinaimg.cn/large/95f78cf6gy1h5v0kdvc77j22c0340n9a.jpg', 'https://wx4.sinaimg.cn/large/95f78cf6gy1h5v0kgy2l5j22c0340kjn.jpg', 'https://wx3.sinaimg.cn/large/95f78cf6gy1h5v0kifyskj20sg2p67wh.jpg', 'https://wx1.sinaimg.cn/large/95f78cf6gy1h5v0jxmkdsj23402c0kjm.jpg', 'https://wx1.sinaimg.cn/large/95f78cf6gy1h5v0kj9qljj22c0340b29.jpg']",,
4.81013E+15,M4frpzgm4,2169122192,h白菜,这样的排骨就问你馋不馋？#美食#Lh白菜的微博视频,,,,美食,0,1,1,2022/9/4 23:57,iPhone 12,,"http://f.video.weibocdn.com/o0/7NjjFw4Klx07YXsRTa0801041200HS7k0E010.mp4?label=mp4_720p&template=720x1280.24.0&ori=0&ps=1BVp4ysnknHVZu&Expires=1665145435&ssig=KQN7Dou8vF&KID=unistore,video",
4.81013E+15,M4fqvqJ6y,6008238571,青山平人,韩国街头小吃汉堡，大汉堡！#美食##向往的美食#L让你逗我笑的微博视频,,,,"美食,向往的美食",0,0,0,2022/9/4 23:55,微博 weibo.com,,"http://f.video.weibocdn.com/OwAZHJW8lx07LugaUNnG01041201owLW0E010.mp4?label=mp4_720p&template=960x540.25.0&trans_finger=1f0da16358befad33323e3a1b7f95fc9&ori=0&ps=1BVp4ysnknHVZu&Expires=1665145435&ssig=3cxxdASF4T&KID=unistore,video",
4.81013E+15,M4fqv97tC,5867390462,小小芸说体育,父亲教我的，想知道鸡熟不熟，就拿牙签插进鸡大腿，拨出牙签带血就是不熟??#美食##向往的美食#L秃头了的贫僧的微博视频,,,,"美食,向往的美食",0,0,0,2022/9/4 23:55,微博 weibo.com,,"http://f.video.weibocdn.com/G3B86LJSlx07NM7jAB6g010412006AVe0E010.mp4?label=mp4_hd&template=576x1024.24.0&trans_finger=7c347e6ee1691b93dc7e5726f4ef34b3&ori=0&ps=1BVp4ysnknHVZu&Expires=1665145435&ssig=1YDaOeS89N&KID=unistore,video",
4.81013E+15,M4fquAN91,5706480250,小迪是你爹,速度致胜时代煎饼果子升级了，纯果蔬制作，营养健康时尚。你想吃了吗？#美食##向往的美食#L让你笑坏了的微博视频,,,,"美食,向往的美食",0,0,0,2022/9/4 23:55,真香现场 ・ 视频社区,,"http://f.video.weibocdn.com/668WSkSGlx07LuSiBI0o01041200yalg0E010.mp4?label=mp4_720p&template=576x1024.25.0&trans_finger=775cb0ab963a74099cf9f840cd1987f1&ori=0&ps=1BVp4ysnknHVZu&Expires=1665145435&ssig=xFOQ06ZGIr&KID=unistore,video",
4.81013E+15,M4fquyzLZ,5479529481,小小亮说体育,海底捞?#美食##向往的美食#L不油腻大哥的微博视频,,,,"美食,向往的美食",0,0,0,2022/9/4 23:55,微博 weibo.com,,"http://f.video.weibocdn.com/o0/3Y2qed1Flx07TXxPH4kE010412008bRn0E010.mp4?label=mp4_720p&template=1280x720.25.0&trans_finger=1f0da16358befad33323e3a1b7f95fc9&ori=0&ps=1BVp4ysnknHVZu&Expires=1665145435&ssig=b39VQ%2B5ZyP&KID=unistore,video",
4.81013E+15,M4fquvgWJ,5409941800,特南克斯punk,身为石家庄人，泡面的神仙吃法分享给大家#美食##向往的美食#L科技坚果的微博视频,,,,"美食,向往的美食",0,0,0,2022/9/4 23:55,微博 weibo.com,,"http://f.video.weibocdn.com/z1lMZq2Qlx07N05c4DOw01041200BguA0E010.mp4?label=mp4_720p&template=1280x720.25.0&trans_finger=1f0da16358befad33323e3a1b7f95fc9&ori=0&ps=1BVp4ysnknHVZu&Expires=1665145435&ssig=sOx%2B7vkYAE&KID=unistore,video",
4.81013E+15,M4fqui5vb,5221423533,夏凉了谁_,大叔30多年只卖荤菜，几次涨价依旧火爆，老顾客一周来吃5次?#美食##向往的美食#L娱乐胶囊的微博视频,,,,"美食,向往的美食",0,0,0,2022/9/4 23:55,微博 weibo.com,,"http://f.video.weibocdn.com/kRQ5J1stlx07N2UYuWBO01041200HdNy0E010.mp4?label=mp4_720p&template=1280x720.25.0&trans_finger=1f0da16358befad33323e3a1b7f95fc9&ori=0&ps=1BVp4ysnknHVZu&Expires=1665145435&ssig=TDpEGhAs1%2B&KID=unistore,video",
4.80976E+15,M460qhbI4,6637315028,奶酪雪莉酥_,#美食#L奶酪雪莉酥_的微博视频#微博原创视频博主认证##微博视频社区原创投稿#,,,,"美食,微博原创视频博主认证,微博视频社区原创投稿",0,4,3,2022/9/3 23:56,Lisa送我的iPhone 11,,"http://f.video.weibocdn.com/o0/vnR8nQLilx07YVRSPSgg0104120028ag0E010.mp4?label=mp4_720p&template=1556x720.25.0&ori=0&ps=1BVp4ysnknHVZu&Expires=1665145450&ssig=KJfUyOmUF%2B&KID=unistore,video",
4.80976E+15,M460lxnzN,7763822011,张天怡o,#美食#家里有剩米饭的一定要试试这个外婆菜炒饭，做好之后全家都爱吃#微博美食创作者#外婆菜L张天怡o的微博视频,,,,"美食,微博美食创作者 ",0,0,0,2022/9/3 23:55,微博视频号,,"http://f.video.weibocdn.com/u0/yrr5EbpAgx07YVRRNqVy01041200qrU30E010.mp4?label=mp4_720p&template=720x1280.24.0&ori=0&ps=1BVp4ysnknHVZu&Expires=1665145450&ssig=IXOEWrweFj&KID=unistore,video",
4.80976E+15,M45ZZFkYn,5867390462,小小芸说体育,这是什么果实！！！?#美食##向往的美食#L谁干的的微博视频,,,,"美食,向往的美食",0,0,0,2022/9/3 23:55,微博 weibo.com,,"http://f.video.weibocdn.com/0hSJoL16lx07Lvp95enu010412005pn30E010.mp4?label=mp4_hd&template=652x1158.24.0&trans_finger=7c347e6ee1691b93dc7e5726f4ef34b3&ori=0&ps=1BVp4ysnknHVZu&Expires=1665145450&ssig=XXXN0ptnw6&KID=unistore,video",
4.80976E+15,M45ZZEfft,6008238571,青山平人,见过最会安排自己狗生的狗?#美食##向往的美食#L这个要火的节奏的微博视频,,,,"美食,向往的美食",0,0,0,2022/9/3 23:55,微博 weibo.com,,"http://f.video.weibocdn.com/Fw4yyu4qlx07NX1lU8gw01041200aPDH0E010.mp4?label=mp4_hd&template=576x1024.24.0&trans_finger=7c347e6ee1691b93dc7e5726f4ef34b3&ori=0&ps=1BVp4ysnknHVZu&Expires=1665145450&ssig=hBuY0FnhDs&KID=unistore,video",
4.80976E+15,M45ZZs8A3,5455502166,欧耶year,这切菠萝手法很灵活啊??#美食##向往的美食#L秃头了的贫僧的微博视频,,,,"美食,向往的美食",0,0,0,2022/9/3 23:55,微博 weibo.com,,"http://f.video.weibocdn.com/nq0oxjbjlx07LOPLmhba01041200iMFn0E010.mp4?label=mp4_hd&template=752x480.25.0&trans_finger=62b30a3f061b162e421008955c73f536&ori=0&ps=1BVp4ysnknHVZu&Expires=1665145450&ssig=1b0cnT3Bqi&KID=unistore,video",
4.80976E+15,M45ZZmDpK,5409941800,特南克斯punk,普通的食材，做出不普通的效果。?#美食##向往的美食#L娱乐胶囊的微博视频,,,,"美食,向往的美食",0,0,0,2022/9/3 23:55,微博 weibo.com,,"http://f.video.weibocdn.com/Fpvq6gb7lx07Oi7Thzy00104120084R10E010.mp4?label=mp4_720p&template=720x1280.24.0&trans_finger=c3f00996be5378650057cf237d7bfffd&ori=0&ps=1BVp4ysnknHVZu&Expires=1665145450&ssig=Ngml7afS0H&KID=unistore,video",
4.80976E+15,M45ZZpW8w,5479529481,小小亮说体育,外国人吃中国的臭豆腐！#美食##向往的美食#L娱乐圈榜单的微博视频,,,,"美食,向往的美食",0,0,0,2022/9/3 23:55,幽默吐槽 ・ 视频社区,,"http://f.video.weibocdn.com/4MK2lYy2lx07GT4zFj7i01041202VPhj0E020.mp4?label=mp4_720p&template=1280x720.25.0&trans_finger=775cb0ab963a74099cf9f840cd1987f1&ori=0&ps=1BVp4ysnknHVZu&Expires=1665145450&ssig=2obi%2FLYMxS&KID=unistore,video",
4.80976E+15,M45ZZpWL4,5706480250,小迪是你爹,你吃的虾是这种养殖虾吗？?#美食##向往的美食#L一些奇怪视频的微博视频,,,,"美食,向往的美食",0,0,0,2022/9/3 23:55,微博 weibo.com,,"http://f.video.weibocdn.com/I3GTTCBqlx07ODPBR5lC01041200lBBe0E010.mp4?label=mp4_720p&template=720x1280.24.0&trans_finger=0dec003e4dad885964301ff5a1db7715&ori=0&ps=1BVp4ysnknHVZu&Expires=1665145450&ssig=SHBl6Ok%2Bft&KID=unistore,video",
4.80976E+15,M45ZZ68KA,3867943997,小棉花的喵生很美好,这份减脂餐你要是学会了，可以拿出去惊艳所有的小伙伴，它真的太好吃了！快拿小本本记好！??#美食##向往的美食#L奇闻盘点的微博视频,,,,"美食,向往的美食",0,0,0,2022/9/3 23:55,微博 weibo.com,,"http://f.video.weibocdn.com/TrHdF4Yblx07NL8m2Bvq01041200VjFs0E010.mp4?label=mp4_720p&template=1280x720.25.0&trans_finger=1f0da16358befad33323e3a1b7f95fc9&ori=0&ps=1BVp4ysnknHVZu&Expires=1665145450&ssig=XP1mIbFZHA&KID=unistore,video",
4.80976E+15,M45ZZ69Br,5221423533,夏凉了谁_,这应该是南方大席。?#美食##向往的美食#L娱乐胶囊的微博视频,,,,"美食,向往的美食",0,0,0,2022/9/3 23:55,微博 weibo.com,,"http://f.video.weibocdn.com/xGzaq7Zulx07N2Y4qTYA010412017ca10E010.mp4?label=mp4_720p&template=720x1280.24.0&trans_finger=c3f00996be5378650057cf237d7bfffd&ori=0&ps=1BVp4ysnknHVZu&Expires=1665145450&ssig=cnXE3A5KJB&KID=unistore,video",
4.8094E+15,M3WzXeNZa,2643981654,UU_丶,日常#plog博主日记##美食##好好吃饭#迎来9????的一条长长的plog疫情形势又严峻了，做好十一哪也去不了的准备无所谓啦,,北京,,"plog博主日记,美食,好好吃饭",0,3,2,2022/9/2 23:56,日常超话,"['https://wx3.sinaimg.cn/large/9d97f556ly1h5sort1gfvj20sg2mtu0y.jpg', 'https://wx3.sinaimg.cn/large/9d97f556ly1h5sooo0e9tj20sg2dc4qq.jpg', 'https://wx2.sinaimg.cn/large/9d97f556ly1h5sor1f019j20sg2dc4qq.jpg', 'https://wx3.sinaimg.cn/large/9d97f556ly1h5soqz2cs0j20sg23ub29.jpg', 'https://wx3.sinaimg.cn/large/9d97f556ly1h5soolxrybj20sg35s1ky.jpg', 'https://wx2.sinaimg.cn/large/9d97f556ly1h5sory81erj21o01o0npd.jpg', 'https://wx2.sinaimg.cn/large/9d97f556ly1h5soosf21xj20sg1kw7wh.jpg', 'https://wx4.sinaimg.cn/large/9d97f556ly1h5soou7pmlj20sg2dcqv5.jpg', 'https://wx4.sinaimg.cn/large/9d97f556ly1h5soor09exj20sg1kw4qp.jpg']",,
4.8094E+15,M3WzvbDa7,5867390462,小小芸说体育,一个让你毫无食欲的蛋糕??#美食##向往的美食#L秃头了的贫僧的微博视频,,,,"美食,向往的美食",0,0,0,2022/9/2 23:55,微博 weibo.com,,"http://f.video.weibocdn.com/SqfiM2OOlx07OECcwFfO01041200iqSW0E010.mp4?label=mp4_720p&template=720x1280.24.0&trans_finger=0dec003e4dad885964301ff5a1db7715&ori=0&ps=1BVp4ysnknHVZu&Expires=1665145462&ssig=SOXxb%2B34c%2B&KID=unistore,video",
4.8094E+15,M3Wzv7eUn,6008238571,青山平人,天气有点凉了北方的朋友还好吗？来碗土豆浓汤吧#美食##向往的美食#L让你逗我笑的微博视频,,,,"美食,向往的美食",0,0,0,2022/9/2 23:55,微博 weibo.com,,"http://f.video.weibocdn.com/DNo2jWdDlx07JkZmjgNG010412009YUH0E010.mp4?label=mp4_hd&template=852x480.25.0&trans_finger=62b30a3f061b162e421008955c73f536&ori=0&ps=1BVp4ysnknHVZu&Expires=1665145462&ssig=Khbpttupkj&KID=unistore,video",
4.8094E+15,M3WzuyU9Z,5706480250,小迪是你爹,手上切土豆丝，主要的要领是这样的???#美食##向往的美食#L谁干的的微博视频,,,,"美食,向往的美食",0,0,0,2022/9/2 23:55,微博 weibo.com,,"http://f.video.weibocdn.com/qbXjt2gjlx07Kk4CMv0s01041200ohSl0E010.mp4?label=mp4_720p&template=720x1280.24.0&trans_finger=c3f00996be5378650057cf237d7bfffd&ori=0&ps=1BVp4ysnknHVZu&Expires=1665145462&ssig=qyZEiWn7bU&KID=unistore,video",
4.8094E+15,M3WzuxMZi,5455502166,欧耶year,这道菜，真是气的猴哥一直往菜里吐口水。#美食##向往的美食#L大碗姐的微博视频,,,,"美食,向往的美食",0,0,0,2022/9/2 23:55,微博 weibo.com,,"http://f.video.weibocdn.com/e5hAa03Olx07LrZI4JYI01041200kROy0E010.mp4?label=mp4_720p&template=720x1280.24.0&trans_finger=c3f00996be5378650057cf237d7bfffd&ori=0&ps=1BVp4ysnknHVZu&Expires=1665145462&ssig=40VMyZG3BF&KID=unistore,video",
4.8094E+15,M3WzuwGX1,5479529481,小小亮说体育,厨师把最火的酸菜鱼做法给公布了，在家也能做，太好了！#美食##向往的美食#L大钢牙的微博视频,,,,"美食,向往的美食",0,0,0,2022/9/2 23:55,微博 weibo.com,,"http://f.video.weibocdn.com/AWVVFY14lx07NdDL556801041201s8e90E010.mp4?label=mp4_ld&template=360x640.24.0&trans_finger=81b11b8c5ffb62d33ceb3244bdd17e7b&ori=0&ps=1BVp4ysnknHVZu&Expires=1665145462&ssig=scbYtTBXRi&KID=unistore,video",
4.8094E+15,M3WzuxMZT,5409941800,特南克斯punk,脾气一天比一天厉害了...??#美食##向往的美食#L奇闻盘点的微博视频,,,,"美食,向往的美食",0,0,0,2022/9/2 23:55,微博 weibo.com,,"http://f.video.weibocdn.com/000IX97rgx07LVCSe5Rt01041200l9jV0E010.mp4?label=mp4_ld&template=360x640.24.0&trans_finger=81b11b8c5ffb62d33ceb3244bdd17e7b&ori=0&ps=1BVp4ysnknHVZu&Expires=1665145462&ssig=8uwo0EnsSa&KID=unistore,video",
4.8094E+15,M3Wzue0cw,3867943997,小棉花的喵生很美好,又是一个这么小，还这么懂事的榴莲！为了多涨点肉，他就委屈自己长成了这个样子。?#美食##向往的美食#L最佳农民的微博视频,,,,"美食,向往的美食",0,0,0,2022/9/2 23:55,微博 weibo.com,,"http://f.video.weibocdn.com/t3NJX4jnlx07N4a4Dcxq010412013Rqx0E010.mp4?label=mp4_720p&template=720x1280.24.0&trans_finger=c3f00996be5378650057cf237d7bfffd&ori=0&ps=1BVp4ysnknHVZu&Expires=1665145462&ssig=OAdmyasCC6&KID=unistore,video",
4.8094E+15,M3Wzue0yj,5221423533,夏凉了谁_,史上最爽开椰子，画面引起极度舒适，好治愈啊?#美食##向往的美食#L娱乐胶囊的微博视频,,,,"美食,向往的美食",0,0,0,2022/9/2 23:55,微博 weibo.com,,"http://f.video.weibocdn.com/ejVxIUFLlx07N4ztuc6I01041200g4ZI0E010.mp4?label=mp4_720p&template=720x1280.24.0&trans_finger=c3f00996be5378650057cf237d7bfffd&ori=0&ps=1BVp4ysnknHVZu&Expires=1665145462&ssig=AZ7yVUN%2B55&KID=unistore,video",
4.8094E+15,M3Wzugcha,3963184341,微笑3963184341,警察同志，我真的只吃了一个蛋。[惊呆]??#美食##向往的美食#L奇闻盘点的微博视频,,,,"美食,向往的美食",0,0,0,2022/9/2 23:55,微博 weibo.com,,"http://f.video.weibocdn.com/003NxXaJgx07LXfo2tPN0104120068NJ0E010.mp4?label=mp4_hd&template=540x960.24.0&trans_finger=7c347e6ee1691b93dc7e5726f4ef34b3&ori=0&ps=1BVp4ysnknHVZu&Expires=1665145462&ssig=YgBvX8y6Z5&KID=unistore,video",
4.80904E+15,M3Natytkm,2427671705,Susanxi很快乐,逛吃逛吃#旅行vlog##美食#,,西双版纳・婉泰・老挝冰咖啡(告庄一店),,"旅行vlog,美食",0,2,0,2022/9/1 23:58,iPhone 13 Pro Max,"['https://wx1.sinaimg.cn/large/90b35499gy1h5rjooer7yj20u014012j.jpg', 'https://wx1.sinaimg.cn/large/90b35499gy1h5rjopbnu3j20u0140tk8.jpg', 'https://wx4.sinaimg.cn/large/90b35499gy1h5rjopzkfhj20u0140gwh.jpg', 'https://wx3.sinaimg.cn/large/90b35499gy1h5rjoqob9zj20u0140tkf.jpg', 'https://wx1.sinaimg.cn/large/90b35499gy1h5rjotjv07j20u0140jzv.jpg', 'https://wx2.sinaimg.cn/large/90b35499gy1h5rjonj8wjj20u0140k03.jpg', 'https://wx1.sinaimg.cn/large/90b35499gy1h5rjordzc3j20u0140n83.jpg', 'https://wx2.sinaimg.cn/large/90b35499gy1h5rjosim3kj20u0140tjm.jpg', 'https://wx1.sinaimg.cn/large/90b35499gy1h5rjot3di5j20u0140qf5.jpg']",,
4.80904E+15,M3N9ow6nG,5665302038,-暮颜飞雪-,#美食#给八月一个温柔的拥抱，给九月一个坚定的眼神,,,,美食,3,9,15,2022/9/1 23:56,美食超话,['https://wx4.sinaimg.cn/large/006bp1Rkgy1h5rjmz86fkj335s2dchdv.jpg'],,
4.80904E+15,M3N90hhFQ,6008238571,青山平人,剪小龙虾教程，这在处理特别干净，学会了吗。?#美食##向往的美食#L笑趴了的微博视频,,,,"美食,向往的美食",0,0,0,2022/9/1 23:55,微博 weibo.com,,"http://f.video.weibocdn.com/rA43Zllolx07OD58hYHm01041200uBu00E010.mp4?label=mp4_720p&template=720x1280.24.0&trans_finger=0dec003e4dad885964301ff5a1db7715&ori=0&ps=1BVp4ysnknHVZu&Expires=1665145474&ssig=BNLbzYFmp%2B&KID=unistore,video",
4.80904E+15,M3N902ZLJ,5867390462,小小芸说体育,幸亏把吃完的榴莲壳又检查了一遍?#美食##向往的美食#L娱乐胶囊的微博视频,,,,"美食,向往的美食",0,0,0,2022/9/1 23:55,微博 weibo.com,,"http://f.video.weibocdn.com/eIvw3Si1lx07N3MCKAvS010412008Kc40E010.mp4?label=mp4_720p&template=720x1280.24.0&trans_finger=c3f00996be5378650057cf237d7bfffd&ori=0&ps=1BVp4ysnknHVZu&Expires=1665145474&ssig=DCruurNGGR&KID=unistore,video",
4.80904E+15,M3N900MLv,5706480250,小迪是你爹,学会这招，给你的家人秀一个吧！????#美食##向往的美食#L让你逗我笑的微博视频,,,,"美食,向往的美食",0,0,0,2022/9/1 23:55,微博 weibo.com,,"http://f.video.weibocdn.com/NgMYi68ilx07Lvw5nEg001041200fmJJ0E010.mp4?label=mp4_hd&template=576x1024.24.0&trans_finger=7c347e6ee1691b93dc7e5726f4ef34b3&ori=0&ps=1BVp4ysnknHVZu&Expires=1665145474&ssig=BqIAZsBg5f&KID=unistore,video",
4.80904E+15,M3N8ZrlqJ,3963184341,微笑3963184341,好吃的葱油拌面，葱油制作是关键，做起来试试吧#美食##向往的美食#L科技坚果的微博视频,,,,"美食,向往的美食",0,0,0,2022/9/1 23:55,真香现场 ・ 视频社区,,"http://f.video.weibocdn.com/8G9rAuy9lx07PcQqo79u01041200qHwE0E010.mp4?label=mp4_720p&template=576x1024.24.0&trans_finger=0dec003e4dad885964301ff5a1db7715&ori=0&ps=1BVp4ysnknHVZu&Expires=1665145474&ssig=qVJPlvM0eC&KID=unistore,video",
4.80904E+15,M3N8Zrmi1,5455502166,欧耶year,想不到哈密瓜还能这样吃，招待客人倍有面儿！#美食##向往的美食#L小华弟的微博视频,,,,"美食,向往的美食",0,0,0,2022/9/1 23:55,微博 weibo.com,,"http://f.video.weibocdn.com/2PLu6J1ylx07C6hzZOLC01041200d2hD0E010.mp4?label=mp4_hd&template=540x960.24.0&trans_finger=7c347e6ee1691b93dc7e5726f4ef34b3&ori=0&ps=1BVp4ysnknHVZu&Expires=1665145474&ssig=Shh8C5rBQJ&KID=unistore,video",
4.80904E+15,M3N8ZmXDc,5479529481,小小亮说体育,日本人出勤前的早饭，确实丰富的不是一点点#美食##向往的美食#L青草哥的微博视频,,,,"美食,向往的美食",0,0,0,2022/9/1 23:55,戏精恶搞 ・ 视频社区,,"http://f.video.weibocdn.com/waClsnEFlx07GvKfAE5W01041201ia8E0E010.mp4?label=mp4_720p&template=1280x720.25.0&trans_finger=775cb0ab963a74099cf9f840cd1987f1&ori=0&ps=1BVp4ysnknHVZu&Expires=1665145474&ssig=Ceoy5AJwKl&KID=unistore,video",
4.80904E+15,M3N8Zo3gE,5221423533,夏凉了谁_,看看俄罗斯人??到底有多懒？??#美食##向往的美食#L奇闻盘点的微博视频,,,,"美食,向往的美食",0,0,0,2022/9/1 23:55,微博 weibo.com,,"http://f.video.weibocdn.com/U9Ucx8Oolx07MVRQsq1q01041200neAy0E010.mp4?label=mp4_720p&template=720x1280.24.0&trans_finger=c3f00996be5378650057cf237d7bfffd&ori=0&ps=1BVp4ysnknHVZu&Expires=1665145474&ssig=u0xi0Y9j7t&KID=unistore,video",
4.80904E+15,M3N8Z6syR,3867943997,小棉花的喵生很美好,这应该是南方大席。?#美食##向往的美食#L娱乐胶囊的微博视频,,,,"美食,向往的美食",0,0,0,2022/9/1 23:55,微博 weibo.com,,"http://f.video.weibocdn.com/xGzaq7Zulx07N2Y4qTYA010412017ca10E010.mp4?label=mp4_720p&template=720x1280.24.0&trans_finger=c3f00996be5378650057cf237d7bfffd&ori=0&ps=1BVp4ysnknHVZu&Expires=1665145474&ssig=ToLQjcvXkQ&KID=unistore,video",
4.82202E+15,M9eKJE6fE,2761978461,甜十san,国庆假期美食合集！苏州珍珠饭店YYds???#苏州##美食##国庆假期#,,天津・顺鑫养猪小区,,"苏州,美食,国庆假期",0,1,0,2022/10/7 19:23,iPhone客户端,"['https://wx4.sinaimg.cn/large/a4a0725dly1h6wxz3ch3mj20u0140zvq.jpg', 'https://wx3.sinaimg.cn/large/a4a0725dly1h6wxyp6kdrj20u014044r.jpg', 'https://wx1.sinaimg.cn/large/a4a0725dly1h6wxyom7yvj20u0140484.jpg', 'https://wx2.sinaimg.cn/large/a4a0725dly1h6wxyo5ubij20u01400zj.jpg', 'https://wx3.sinaimg.cn/large/a4a0725dly1h6wxyk9u5vj20u014012k.jpg', 'https://wx4.sinaimg.cn/large/a4a0725dly1h6wxyj5cs7j20u0140k0u.jpg', 'https://wx3.sinaimg.cn/large/a4a0725dly1h6wxyle3dej20u014044f.jpg', 'https://wx2.sinaimg.cn/large/a4a0725dly1h6wxymbqixj20u0140qan.jpg', 'https://wx3.sinaimg.cn/large/a4a0725dly1h6wxymvjpcj20u0140ak7.jpg']",,
4.82202E+15,M9eKFx3nr,5699361536,枫林LLW,美食#美食#,,张家口,,美食,0,0,0,2022/10/7 19:23,美食超话,['https://wx3.sinaimg.cn/large/006dHWi4ly1h6wxzq3o7vj335s35su10.jpg'],,
4.82202E+15,M9eKdchek,5636439720,史雪琴920,#美食##香蕉打卡##特产#青皮香蕉，是不是见得比较少！它的皮是青色的，到手大概第三天，会微微变软，就可以吃了！不要等它变黄哦，会坏的,,,,"美食,香蕉打卡,特产",0,0,1,2022/10/7 19:22,nova5Pro人像超级夜景,"['https://wx4.sinaimg.cn/large/0069rVs4ly1h6wy0or2b4j31hc0zkaax.jpg', 'https://wx1.sinaimg.cn/large/0069rVs4ly1h6wy0oze6jj31hc0zkmy5.jpg', 'https://wx2.sinaimg.cn/large/0069rVs4ly1h6wy0qdw86j32dc35se84.jpg', 'https://wx4.sinaimg.cn/large/0069rVs4ly1h6wy0rp3urj32dc35sx6r.jpg', 'https://wx4.sinaimg.cn/large/0069rVs4ly1h6wy0tihbfj32002you0y.jpg', 'https://wx2.sinaimg.cn/large/0069rVs4ly1h6wy0uxak7j335s2dckjl.jpg', 'https://wx1.sinaimg.cn/large/0069rVs4ly1h6wy0ws47qj32dc35sb2c.jpg', 'https://wx3.sinaimg.cn/large/0069rVs4ly1h6wy0y46lvj335s2dcngm.jpg', 'https://wx3.sinaimg.cn/large/0069rVs4ly1h6wy0zdf23j32dc35styk.jpg']",,
4.82202E+15,M9eIk9bIy,5472502281,淇小兔rabbit,#美食#吃午饭了,,,,美食,0,1,0,2022/10/7 19:17,?的iPhone 14 Pro,['https://wx2.sinaimg.cn/large/005Ym3PPgy1h6wxwg15n1j30y40u0tef.jpg'],,
4.82201E+15,M9eHExA6f,6249755857,大甜心文案屋,糯娃酸辣翅尖来吃喽酸辣翅尖清爽来袭酸酸辣辣的口感每一个都泡得格外入味每袋150克下酒绝对安逸的很尝鲜的小伙伴们赶紧安排起来#美食##吃货##糯娃辣上瘾##今日美食分享##美食分享##O绿洲,,,,"美食,吃货,糯娃辣上瘾,今日美食分享,美食分享",0,0,0,2022/10/7 19:16,绿洲APP,"['https://wx4.sinaimg.cn/large/006OXkZPly3h6wxuseobej30u0140aj2.jpg', 'https://wx1.sinaimg.cn/large/006OXkZPly3h6wxur0snsj30ku0rttcj.jpg', 'https://wx2.sinaimg.cn/large/006OXkZPly3h6wxurtiqhj30ku0rtjs2.jpg', 'https://wx1.sinaimg.cn/large/006OXkZPly3h6wxuss07zj30u0140jsl.jpg', 'https://wx3.sinaimg.cn/large/006OXkZPly3h6wxutdncbj30u0140ahs.jpg', 'https://wx2.sinaimg.cn/large/006OXkZPly3h6wxutyap3j30u0140wfw.jpg']",,
4.82201E+15,M9eHdkl9b,2639330511,王小淳鄢怨,#美食##美食分享##同城种草##吃货在这里##不可辜负的美食#小淳侃吃喝宋庄这边的私房菜可真多！各种适合打卡拍照的咖啡馆儿～,,北京・小堡文化广场,,"美食,美食分享,同城种草,吃货在这里,不可辜负的美食",0,0,0,2022/10/7 19:15,iPhone客户端,"['https://wx2.sinaimg.cn/large/9d50fccfly1h6wxsyxlepj21o02804n9.jpg', 'https://wx1.sinaimg.cn/large/9d50fccfly1h6wxsy78rnj21o02807wj.jpg', 'https://wx2.sinaimg.cn/large/9d50fccfly1h6wxt2lnozj21o02804qr.jpg', 'https://wx2.sinaimg.cn/large/9d50fccfly1h6wxt0u2xpj21o0280x6q.jpg', 'https://wx4.sinaimg.cn/large/9d50fccfly1h6wxt3sf57j21o02801kx.jpg', 'https://wx1.sinaimg.cn/large/9d50fccfly1h6wxt1mrt6j21o0280b2a.jpg', 'https://wx1.sinaimg.cn/large/9d50fccfly1h6wxsuugt7j21o02807wf.jpg', 'https://wx2.sinaimg.cn/large/9d50fccfly1h6wxswx5o3j22dr36ce81.jpg', 'https://wx1.sinaimg.cn/large/9d50fccfly1h6wxt00h7ij21o02801kx.jpg']",,
4.82201E+15,M9eGrqZYo,7469720080,饮食菜谱,不用揉面不用发酵，一看就会的鸡蛋泡饼，又松又软当早餐全家都喜欢～#美食##家常菜##新星V计划#L饮食菜谱的微博视频,,,,"美食,家常菜,新星V计划",0,0,0,2022/10/7 19:13,微博视频号,,"http://f.video.weibocdn.com/o0/vFq95J6alx07ZNMJfwVG01041200netr0E010.mp4?label=mp4_hd&template=576x936.24.0&ori=0&ps=1BVp4ysnknHVZu&Expires=1665145487&ssig=F%2FNINhwFGR&KID=unistore,video",
4.82201E+15,M9eFr9xlb,1913368921,小青虫710,#实现大闸蟹自由#车载冰箱用来装大闸蟹是真?，赶着葡萄的尾季⑦⑦⑧#美食#,,,,"实现大闸蟹自由,美食",0,0,0,2022/10/7 19:10,iPhone客户端,"['https://wx3.sinaimg.cn/large/720bb159gy1h6wxm9wih6j22tc240tha.jpg', 'https://wx4.sinaimg.cn/large/720bb159gy1h6wxm8artej22tc240hdu.jpg', 'https://wx1.sinaimg.cn/large/720bb159gy1h6wxmarlk3j23402c01ky.jpg']",,
4.82201E+15,M9eFr8qX4,2997246175,娟子茶,天冷了，吃个简单的小火锅吧[跳跳]#美食#O绿洲,,,,美食,0,2,2,2022/10/7 19:10,绿洲APP,['https://wx4.sinaimg.cn/large/b2a658dfly3h6wxp4xh9gj21hs1hs1kx.jpg'],,
4.82172E+15,M978nbLjR,5986913280,鲜橙晨光,#美食##吃播#火鸡面炸鸡L鲜橙晨光的微博视频,,,,"美食,吃播",0,0,0,2022/10/6 23:59,微博视频号,,"http://f.video.weibocdn.com/u0/LjGMCbHcgx07ZMvx3U4o01041200sW6U0E010.mp4?label=mp4_720p&template=720x720.24.0&ori=0&ps=1BVp4ysnknHVZu&Expires=1665145502&ssig=MImI19bI8N&KID=unistore,video",
4.82172E+15,M977VEux6,2808629543,Guoyqins-果,充实的一天～跑来很远的地方喝咖啡??好喝也好吃！这家店听说是台湾人开的，出品很稳定服务很赞！晚上还吃了泰国菜～分量很足，咖喱味太香了美食#美食##深圳#,,深圳,,"美食,深圳",0,0,2,2022/10/6 23:58,iPhone客户端,"['https://wx4.sinaimg.cn/large/a7684927gy1h6w0b4n0tej224o3sgkg5.jpg', 'https://wx3.sinaimg.cn/large/a7684927gy1h6w0b855waj23sg24oh5x.jpg', 'https://wx2.sinaimg.cn/large/a7684927gy1h6w0bjj7wxj223g3ioqv6.jpg', 'https://wx2.sinaimg.cn/large/a7684927gy1h6w0aveesqj22bk33f7wj.jpg', 'https://wx3.sinaimg.cn/large/a7684927gy1h6w0bauus3j21y02xz4qq.jpg', 'https://wx4.sinaimg.cn/large/a7684927gy1h6w0ay0idkj22c02m4qv7.jpg', 'https://wx2.sinaimg.cn/large/a7684927gy1h6w0azztmgj21wm2ix1ky.jpg', 'https://wx4.sinaimg.cn/large/a7684927gy1h6w0atheb3j22c0340qv6.jpg', 'https://wx3.sinaimg.cn/large/a7684927gy1h6w0bcjallj224o24oq98.jpg']",,
4.82172E+15,M977QnGYK,1885286525,女神酱cc,铁板烧自助餐厅，这场面第一次见#新星v计划##美食#L女神酱cc的微博视频,,,,"新星v计划,美食",3,0,2,2022/10/6 23:58,求关注??Android,,"http://f.video.weibocdn.com/o0/gK5dC5zhlx07ZMvszsZi010412009WBx0E010.mp4?label=mp4_720p&template=720x1280.24.0&ori=0&ps=1BVp4ysnknHVZu&Expires=1665145502&ssig=EEhgkBo0y%2B&KID=unistore,video",
4.82172E+15,M977vFpxm,1885286525,女神酱cc,#新星v计划##美食#吃个铁板烧，还要跳舞，餐饮行业太内卷了吧L女神酱cc的微博视频,,,,"新星v计划,美食",2,0,8,2022/10/6 23:57,求关注??Android,,"http://f.video.weibocdn.com/o0/7YnbxOXIlx07ZMvo4Gju010412008ZDF0E010.mp4?label=mp4_720p&template=720x1280.24.0&ori=0&ps=1BVp4ysnknHVZu&Expires=1665145502&ssig=vxoWrH%2F2vX&KID=unistore,video",
4.82172E+15,M976Lllhc,5393560981,美食桃子酱,"""推荐我的生活在家解锁红薯新吃法，又酥又脆太香了#美食##吃货在这里##一人食#L美食桃子酱的微博视频",,,,"美食,吃货在这里,一人食",6,0,3,2022/10/6 23:56,微博视频号,,"http://f.video.weibocdn.com/o0/IAzxhGNflx07ZDAuFKZa01041200rwPc0E010.mp4?label=mp4_720p&template=720x1280.24.0&ori=0&ps=1BVp4ysnknHVZu&Expires=1665145502&ssig=cE8yqNtXRM&KID=unistore,video",
4.82172E+15,M975ecuKz,7469720080,饮食菜谱,蒜香鸡翅，外酥里嫩，蒜香浓郁做法简单，比肯爷爷麦叔叔家还要好吃，不信你试试。刀唛刀唛油刀唛花生橄榄油#美食##家常菜##新星V计划#L饮食菜谱的微博视频,,,,"美食,家常菜,新星V计划",2,0,0,2022/10/6 23:52,微博视频号,,"http://f.video.weibocdn.com/o0/WNmK29Wwlx07ZMv0jcHK01041200xvqF0E010.mp4?label=mp4_720p&template=576x1024.24.0&ori=0&ps=1BVp4ysnknHVZu&Expires=1665145502&ssig=Ws%2BmaOQImu&KID=unistore,video",
4.82172E+15,M97596H6t,7379369862,舌尖上的土味,这样做的葡萄甜酒酿，颜色漂亮，甘甜多汁#美食##吃货在这里##一人食#L舌尖上的土味的微博视频,,,,"美食,吃货在这里,一人食",10,1,9,2022/10/6 23:52,微博视频号,,"http://f.video.weibocdn.com/o0/A8TI1Yl0lx07ZFc0sY4E01041200qKQV0E010.mp4?label=mp4_720p&template=720x1280.24.0&ori=0&ps=1BVp4ysnknHVZu&Expires=1665145502&ssig=zvxqSaGjKT&KID=unistore,video",
4.82172E+15,M9751sTMc,7606790856,阿遥先生官方微博,?直击监工现场来来去去，我就是一个滚陀螺！?#阿遥先生##美食##甜品#L阿遥先生官方微博的微博视频,,,,"阿遥先生,美食,甜品",0,1,1,2022/10/6 23:51,阿遥先生超话,,"http://f.video.weibocdn.com/o0/99MmhgFblx07ZMuY4BII01041200nvL60E010.mp4?label=mp4_720p&template=720x1280.24.0&ori=0&ps=1BVp4ysnknHVZu&Expires=1665145502&ssig=0iAACkuyRU&KID=unistore,video",
4.82172E+15,M974JpddJ,1997438257,快来请小公举吃烤肉,齐齐哈尔烤肉瘦肉里的脂肪受热融化，就形成了肉汁，高温炙烤外部焦褐，把肉汁封在里面，真正的外焦里嫩#齐齐哈尔烤肉##美食##烤肉##微博电商淘金计划#东北齐齐哈尔烤肉，三种烤肉，一次吃到L快来请小公举吃烤肉的微博视频,,齐齐哈尔,,"齐齐哈尔烤肉,美食,烤肉,微博电商淘金计划",0,0,1,2022/10/6 23:51,齐齐哈尔烤肉超话,,"http://f.video.weibocdn.com/o0/pKMpDzp4lx07ZMuWHIcU01041200oFfA0E010.mp4?label=mp4_720p&template=720x1280.24.0&ori=0&ps=1BVp4ysnknHVZu&Expires=1665145502&ssig=ZzHF9wojOT&KID=unistore,video",
4.82172E+15,M974cjxAF,7485937410,吉里的咕咕,#美食##云尚岱山#糖饺作为甜口的糯米食品，一定要刚刚炸出来最好吃。L吉里的咕咕的微博视频,,,,"美食,云尚岱山",0,0,1,2022/10/6 23:49,微博视频号,,"http://f.video.weibocdn.com/o0/nm8gxbWblx07ZMuPZGcM010412005loO0E010.mp4?label=mp4_720p&template=720x1080.24.0&ori=0&ps=1BVp4ysnknHVZu&Expires=1665145502&ssig=JFAq71gqsX&KID=unistore,video",
4.82136E+15,M8XEqrOtY,6290919899,啵仔迪,吃在古镇间#美食#,,绍兴,,美食,0,1,3,2022/10/5 23:51,iPhone 12,"['https://wx2.sinaimg.cn/large/006RK3DZgy1h6uui3u15lj31hc0u04f3.jpg', 'https://wx4.sinaimg.cn/large/006RK3DZgy1h6uui5xe46j31hc0u040k.jpg', 'https://wx3.sinaimg.cn/large/006RK3DZgy1h6uui791mcj31hc0u07lt.jpg', 'https://wx1.sinaimg.cn/large/006RK3DZgy1h6uui8ebjkj31hc0u0q44.jpg', 'https://wx4.sinaimg.cn/large/006RK3DZgy1h6uuicch8mj31hc0u0dyn.jpg', 'https://wx3.sinaimg.cn/large/006RK3DZgy1h6uuieykchj31hc0u0tjy.jpg', 'https://wx1.sinaimg.cn/large/006RK3DZgy1h6uuigjlbfj31hc0u0k4l.jpg', 'https://wx4.sinaimg.cn/large/006RK3DZgy1h6uuii4odzj31hc0u0ati.jpg', 'https://wx1.sinaimg.cn/large/006RK3DZgy1h6uuij2e9aj31hc0u07l3.jpg']",,
4.82136E+15,M8XDUvT38,6070964933,稻乡渔歌,“醉”美丰收季?吃在稻乡?寻味特色美食?邂逅烟火?乐享美好食光???『??????』??#成都周边游##国庆节##川西旅游##带着微博去旅行##美食#L稻乡渔歌的微博视频,,成都・稻乡渔歌,,"成都周边游,国庆节,川西旅游,带着微博去旅行,美食",0,1,0,2022/10/5 23:50,iPhone客户端,,"http://f.video.weibocdn.com/o0/tb6nn3JPlx07ZKU0565201041200E9X10E010.mp4?label=mp4_720p&template=1280x720.25.0&ori=0&ps=1BVp4ysnknHVZu&Expires=1665145514&ssig=UC3%2Fxrld0u&KID=unistore,video",
4.82136E+15,M8XDQ526G,7382470383,饭票bot,"只要有鸡蛋和火腿就能做披萨,这是我做过的最简单的做法，一定要推挤给你们，简单好做易上手。国庆带着孩子一起做起来吧?""披萨??""空气炸锅美食??""#不可辜负的美食##美食##新星v计划#L饭票bot的微博视频",,,,"不可辜负的美食,美食,新星v计划",6,2,12,2022/10/5 23:50,微博视频号,,"http://f.video.weibocdn.com/o0/wUx7yljblx07ZDA6efOU01041200dQFY0E010.mp4?label=mp4_720p&template=720x1280.24.0&ori=0&ps=1BVp4ysnknHVZu&Expires=1665145514&ssig=pTcAijZIy5&KID=unistore,video",
4.82136E+15,M8XDPsj1A,7331883337,不二日食,这样做的腌辣椒没有菜都能吃三碗饭"快味中秋"腌辣椒"#美食##吃货在这里##一人食#L不二日食的微博视频,,,,"美食,吃货在这里,一人食",17,3,18,2022/10/5 23:50,微博视频号,,"http://f.video.weibocdn.com/o0/oQVHO2Dhlx07ZBSzNve801041201pD7M0E010.mp4?label=mp4_720p&template=720x1280.24.0&ori=0&ps=1BVp4ysnknHVZu&Expires=1665145514&ssig=EdMpSp%2FEb4&KID=unistore,video",
4.82136E+15,M8XDFpvwT,5986913280,鲜橙晨光,#美食##吃播#咀嚼音L鲜橙晨光的微博视频,,,,"美食,吃播",0,0,1,2022/10/5 23:49,微博视频号,,"http://f.video.weibocdn.com/u0/9BduPD7ogx07ZKTVQt9K01041200b15N0E010.mp4?label=mp4_hd&template=720x406.25.0&ori=0&ps=1BVp4ysnknHVZu&Expires=1665145514&ssig=VL4CZaxvNE&KID=unistore,video",
4.82136E+15,M8XCp9wyv,2801732914,哚lai咪,我好喜欢和会做菜的人做朋友#美食#,,,,美食,0,1,0,2022/10/5 23:46,自由自在HarmonyOS设备,['https://wx1.sinaimg.cn/large/a6ff0d32gy1h6uuecsjhmj21z41hce82.jpg'],,
4.82136E+15,M8Xz6nXwW,5646446975,小康同学要水逆,今天吃什么？吃：张肯肯炸鸡吃：烤鱼吃：口水鸡吃：冰粉所以又是发胖的一天#唐山美食##今天吃什么##美食#,,唐山・万达广场(唐山店),,"唐山美食,今天吃什么,美食",0,1,0,2022/10/5 23:38,iPhone客户端,"['https://wx4.sinaimg.cn/large/006a7UNply1h6uu5wd7rej3334334x6r.jpg', 'https://wx3.sinaimg.cn/large/006a7UNply1h6uu5xm9qlj33343347wh.jpg', 'https://wx3.sinaimg.cn/large/006a7UNply1h6uu5ywdu0j33343347um.jpg', 'https://wx1.sinaimg.cn/large/006a7UNply1h6uu6059yuj33343341l0.jpg']",,
4.82136E+15,M8Xxze1GL,5519305178,悦妹_阿,#美食#一边吃饭一边考古方晓东的日常,,,,美食,0,1,1,2022/10/5 23:34,iPhone客户端,"['https://wx1.sinaimg.cn/large/0061wrpgly1h6uu0pkkdhj33402c0u0y.jpg', 'https://wx2.sinaimg.cn/large/0061wrpgly1h6uu0qynh5j33402c0hdv.jpg', 'https://wx4.sinaimg.cn/large/0061wrpgly1h6uu0ssm4gj33402c04qr.jpg', 'https://wx3.sinaimg.cn/large/0061wrpgly1h6uu0x5gk5j32c02c0e82.jpg', 'https://wx2.sinaimg.cn/large/0061wrpgly1h6uu0ynr03j33402c0b2a.jpg', 'https://wx3.sinaimg.cn/large/0061wrpgly1h6uu11r26rj32c0340hdv.jpg', 'https://wx4.sinaimg.cn/large/0061wrpgly1h6uu12zjgmj33402c0qv6.jpg', 'https://wx3.sinaimg.cn/large/0061wrpgly1h6uu14ju0fj32c0340ndc.jpg', 'https://wx3.sinaimg.cn/large/0061wrpgly1h6uu16at7yj32c0340b2c.jpg']",,
4.82135E+15,M8XvIzVY1,7379369862,舌尖上的土味,葱油饼好吃有诀窍，做到这两点，柔软多层，张张鼓包"葱油饼"#美食##吃货在这里##一人食#L舌尖上的土味的微博视频,,,,"美食,吃货在这里,一人食",18,7,17,2022/10/5 23:30,微博视频号,,"http://f.video.weibocdn.com/o0/wzbX8PZxlx07ZBTMSimQ01041201Ps4A0E010.mp4?label=mp4_720p&template=720x1280.24.0&ori=0&ps=1BVp4ysnknHVZu&Expires=1665145514&ssig=MJlXJExLnU&KID=unistore,video",
4.82135E+15,M8XvAwPju,7469720080,饮食菜谱,菠萝的香甜搭配着浓郁的咖喱酱炒饭，真香！#美食##家常菜##新星V计划#L饮食菜谱的微博视频,,,,"美食,家常菜,新星V计划",0,0,0,2022/10/5 23:29,微博视频号,,"http://f.video.weibocdn.com/o0/BotrvciKlx07ZKSzdLZS01041200ic0Z0E010.mp4?label=mp4_720p&template=576x1024.24.0&ori=0&ps=1BVp4ysnknHVZu&Expires=1665145514&ssig=OmMzgqxDsW&KID=unistore,video",
4.821E+15,M8OfD0Xnz,7558335142,蒸水老阁,#美食#美食中国～冬瓜盅L蒸水老阁的微博视频,,,,美食,0,0,0,2022/10/4 23:55,微博视频号,,"http://f.video.weibocdn.com/o0/Aa0kTe2hlx07ZJjslqkw01041200bcar0E010.mp4?label=mp4_720p&template=720x1280.24.0&ori=0&ps=1BVp4ysnknHVZu&Expires=1665145524&ssig=bTnynNYGQm&KID=unistore,video",
4.821E+15,M8Of3BziQ,7469720080,饮食菜谱,现在孩子在家吃早餐比较多，可以换着不同的口味蒸出来的肠粉都特别好吃的。#美食##家常菜##新星V计划#L饮食菜谱的微博视频,,,,"美食,家常菜,新星V计划",0,0,0,2022/10/4 23:54,微博视频号,,"http://f.video.weibocdn.com/o0/ZaqszTvolx07ZJjmzuGY01041200mw3a0E010.mp4?label=mp4_720p&template=576x1024.24.0&ori=0&ps=1BVp4ysnknHVZu&Expires=1665145524&ssig=gGzwjtqtaS&KID=unistore,video",
4.821E+15,M8Oea0fLg,6962480364,雷雷不怕摔,#美食#美国女人做晚餐，你吃吗？#美食故事#L雷雷不怕摔的微博视频,,,,"美食,美食故事",0,3,0,2022/10/4 23:52,iPhone客户端,,"http://f.video.weibocdn.com/o0/xyvr0JcJlx07ZJjeXHkY01041200tQuW0E010.mp4?label=mp4_720p&template=720x1280.24.0&ori=0&ps=1BVp4ysnknHVZu&Expires=1665145524&ssig=E2OSeWHnGV&KID=unistore,video",
4.82099E+15,M8OaBCb1N,3875167472,我叫方白白,听说你们玩羊了个羊买回去的山核桃仁只有一丢丢，哈哈哈再看看我家的山核桃仁，真是没有对比没有伤害#羊了个羊##特产##美食#,,,,"羊了个羊,特产,美食",0,1,0,2022/10/4 23:43,iPhone客户端,"['https://wx3.sinaimg.cn/large/e6fa5cf0gy1h6too0iulij22c0340hdu.jpg', 'https://wx4.sinaimg.cn/large/e6fa5cf0gy1h6tood8pedj20sl0m0q99.jpg']",,
4.82099E+15,M8O722pAc,5327250206,听闻广西卓越说,重阳节，乡下的朋友过节。菜肴丰富！#美食分享##美食#,,,,"美食分享,美食",0,1,2,2022/10/4 23:34,荣耀V30 PRO 5G,"['https://wx3.sinaimg.cn/large/005OwB8qgy1h6toegq4dcj30u0140qd9.jpg', 'https://wx4.sinaimg.cn/large/005OwB8qgy1h6tofe9kidj32tc19khdt.jpg', 'https://wx3.sinaimg.cn/large/005OwB8qgy1h6tofm3u07j32tc19k4qp.jpg', 'https://wx1.sinaimg.cn/large/005OwB8qgy1h6tofovt3pj30u0140wrz.jpg', 'https://wx2.sinaimg.cn/large/005OwB8qgy1h6tofrwkk0j30u0140qjt.jpg', 'https://wx2.sinaimg.cn/large/005OwB8qgy1h6tofx5jdej30u01404bf.jpg', 'https://wx2.sinaimg.cn/large/005OwB8qgy1h6togb272jj33k01lcdra.jpg', 'https://wx1.sinaimg.cn/large/005OwB8qgy1h6togh6n4pj30u0140go3.jpg', 'https://wx2.sinaimg.cn/large/005OwB8qgy1h6tofiqqc7j32tc19kb29.jpg']",,
4.82099E+15,M8O6GmtD5,1315294782,原来是嚯嚯啊,没试过的一定要试试，感觉以前的鸡蛋都白吃了，简单上手快！绝了我跟你讲！我家宝宝都能全吃光光！齐齐哈尔#美食##不可辜负的美食#,,,,"美食,不可辜负的美食",0,0,1,2022/10/4 23:33,齐齐哈尔超话,"['https://wx1.sinaimg.cn/large/4e65ce3ely1h6toefelw8j20qo0wqq46.jpg', 'https://wx1.sinaimg.cn/large/4e65ce3ely1h6toefnut6j20qo0wndlo.jpg', 'https://wx2.sinaimg.cn/large/4e65ce3ely1h6toefz7zgj20qo0wxq72.jpg', 'https://wx2.sinaimg.cn/large/4e65ce3ely1h6toegaoa1j20qo0wewjg.jpg', 'https://wx2.sinaimg.cn/large/4e65ce3ely1h6toegjzs6j20qo0wpwje.jpg']",,
4.82099E+15,M8O6e3Ui5,2639330511,王小淳鄢怨,#美食##美食分享##同城种草##吃货在这里##不可辜负的美食#小淳侃吃喝超级还原当地的披萨?半夜太罪恶了…,,北京・世贸天阶,,"美食,美食分享,同城种草,吃货在这里,不可辜负的美食",0,1,0,2022/10/4 23:32,iPhone客户端,"['https://wx2.sinaimg.cn/large/9d50fccfly1h6tod95ig5j21o0280b2b.jpg', 'https://wx1.sinaimg.cn/large/9d50fccfly1h6toderhibj21o0280tmc.jpg', 'https://wx1.sinaimg.cn/large/9d50fccfly1h6todqu2cdj21o0280b2b.jpg', 'https://wx3.sinaimg.cn/large/9d50fccfly1h6todup7i8j21o0280x6q.jpg', 'https://wx4.sinaimg.cn/large/9d50fccfly1h6todbwhdqj21o0280npe.jpg', 'https://wx4.sinaimg.cn/large/9d50fccfly1h6todskq1mj21o0280hdu.jpg', 'https://wx2.sinaimg.cn/large/9d50fccfly1h6tod6ncj4j21o0280k73.jpg', 'https://wx2.sinaimg.cn/large/9d50fccfly1h6todobmw9j21o02804qp.jpg', 'https://wx2.sinaimg.cn/large/9d50fccfly1h6todwfrxrj21o0280u0y.jpg']",,
4.82099E+15,M8O68rXwY,2817564553,陈首璋一一邯郸晚报一一陈首璋,给燕赵侠饭店做个免费的广告。环境不错，饭菜凑合。尤其是那个平锅t鱼，色香味俱全，相当的好吃，点赞！#美食#相聚时光L陈首璋一一邯郸晚报一一陈首璋的微博视频,,,,美食 ,0,0,0,2022/10/4 23:32,微博视频号,,"http://f.video.weibocdn.com/o0/BXKiq2U6lx07ZJhRvhUc01041200kwRc0E010.mp4?label=mp4_720p&template=720x1280.24.0&ori=0&ps=1BVp4ysnknHVZu&Expires=1665145524&ssig=0G0jv%2FdhlQ&KID=unistore,video",
4.82099E+15,M8O4BfONP,1238799920,开心水云仙子,#美食##美饮#Carpark咖啡厅，武侯区芳草芳华街。两个周游世界的小姐姐开的店，有故事，有意思。L开心水云仙子的微博视频,,,,"美食,美饮",0,1,3,2022/10/4 23:28,微博视频号,,"http://f.video.weibocdn.com/o0/yfJOtzJ8lx07ZJhAOryU0104120042zo0E010.mp4?label=mp4_720p&template=720x1280.24.0&ori=0&ps=1BVp4ysnknHVZu&Expires=1665145524&ssig=Y9NoOtjeeW&KID=unistore,video",
4.82099E+15,M8O47nYr0,7719991380,北极星是只喵,大厨的巧克力凤凰。栩栩如生。美食#美食#L北极星是只喵的微博视频,,,,美食,0,1,0,2022/10/4 23:27,微博视频号,,"http://f.video.weibocdn.com/o0/Zuajf1s0lx07ZJhvHKac01041201ytyo0E010.mp4?label=mp4_720p&template=720x900.24.0&ori=0&ps=1BVp4ysnknHVZu&Expires=1665145524&ssig=73rXHJC%2Fol&KID=unistore,video",
4.82064E+15,M8EOLpIkQ,7469720080,饮食菜谱,喜欢吃麻婆豆腐的一定要学会这样做，老公一口气吃了三碗。#美食##家常菜##新星V计划#L饮食菜谱的微博视频,,,,"美食,家常菜,新星V计划",0,0,2,2022/10/3 23:54,微博视频号,,"http://f.video.weibocdn.com/o0/zCQq70srlx07ZHIvrwAg01041200j9S70E010.mp4?label=mp4_720p&template=576x1024.24.0&ori=0&ps=1BVp4ysnknHVZu&Expires=1665145536&ssig=9JI8nWZ5L7&KID=unistore,video",
4.82064E+15,M8EOkwhLs,7054854898,旅游体验员Bingo,都柏林，爱尔兰首府。俺仅是去过或路过一两次的地方。据说都柏林圣三一大学的图书馆是欧洲最古老和藏书最多规模最大的馆所让俺印象特深刻。#记录生活##街头写真##异国风情##美食#L旅游体验员Bingo的微博视频,,,,"记录生活,街头写真,异国风情,美食",0,0,1,2022/10/3 23:53,iPhone客户端,,"http://f.video.weibocdn.com/o0/pdL5UPbslx07ZHItu22401041202enyZ0E010.mp4?label=mp4_720p&template=720x1280.24.0&ori=0&ps=1BVp4ysnknHVZu&Expires=1665145536&ssig=Oi0bV2xC2E&KID=unistore,video",
4.82063E+15,M8ENv7wK6,6814364237,山不语西,假期的二分之一杨导和她的男主角此刻男主角去外面给尊贵的杨导觅食了#美食#L山不语西的微博视频,,,,美食,0,3,0,2022/10/3 23:51,微博视频号,,"http://f.video.weibocdn.com/o0/YA4Gr8eolx07ZHIhJ0KA010412010xPT0E010.mp4?label=mp4_720p&template=720x1280.24.0&ori=0&ps=1BVp4ysnknHVZu&Expires=1665145536&ssig=y4M3%2B%2Fhp1D&KID=unistore,video",
4.82063E+15,M8ENkapRG,6478636249,今天不喝奶茶_Nancy,#美食#Cookie#newjeans##cookie#L今天不喝奶茶_Nancy的微博视频,,怀化,,"美食,newjeans,cookie",0,1,8,2022/10/3 23:51,HarmonyOS Device,,"http://f.video.weibocdn.com/o0/7dHQLSsWlx07ZHIj5Knu01041200jawp0E010.mp4?label=mp4_720p&template=720x1280.24.0&ori=0&ps=1BVp4ysnknHVZu&Expires=1665145536&ssig=b5J4AYIdOf&KID=unistore,video",
4.82063E+15,M8EMptvRX,6422632048,棠_呆呆,甜口玉米肠#美食#我也吃火锅了耶,,,,美食,0,6,8,2022/10/3 23:48,甜口玉米肠超话,"['https://wx4.sinaimg.cn/large/0070EHZuly1h6sj9bskryj31fk334dlj.jpg', 'https://wx2.sinaimg.cn/large/0070EHZuly1h6sj9cmtcbj31fk334dmd.jpg', 'https://wx2.sinaimg.cn/large/0070EHZuly1h6sj9dj3esj31fk334kjl.jpg', 'https://wx1.sinaimg.cn/large/0070EHZuly1h6sj9eczegj31fk334e81.jpg', 'https://wx3.sinaimg.cn/large/0070EHZuly1h6sj9frv0hj33341fk4qq.jpg', 'https://wx3.sinaimg.cn/large/0070EHZuly1h6sj9gx2q0j33341fkqv5.jpg']",,
4.82063E+15,M8EM2oqAz,7338589379,海滨福多多,???????????#健康养生##健康##美食#L海滨福多多的微博视频,,,,"健康养生,健康,美食",0,0,0,2022/10/3 23:48,微博视频号,,"http://f.video.weibocdn.com/o0/yuXJsxiblx07ZHI3TPvq01041200RogA0E010.mp4?label=mp4_720p&template=720x1280.24.0&ori=0&ps=1BVp4ysnknHVZu&Expires=1665145536&ssig=ydIYHO5%2FPg&KID=unistore,video",
4.82063E+15,M8EL3iTt8,5955052073,l燃烧的火焰,#美食#肉##快手#@快手吓死人啦L六六?美食的快手视频,,,快手,美食 ,0,0,0,2022/10/3 23:45,iPhone客户端,,http://www.kuaishou.com/rest/kd/partner/weibo/linkcard/video?p=3xj3x56gmdkt2sc&a=3xx5r8sq9n2itms&f=3x57z6fcjehcqcg&kpn=KUAISHOU&subBiz=BROWSE_SLIDE_PHOTO&shareChannel=weibo&shareMethod=card&shareObjectId=5231775474246459499&shareResourceType=PHOTO_OTHER&shareToken=XadCZ5pfGJwvC1R,
4.82063E+15,M8EJ7wNRV,5655078195,_imyour_sweetie,#美食#秋天到了，最近超级爱吃的早餐美食就是热豆浆泡油条。油条配着豆浆是大家早上都爱吃的一种早点，金灿灿，酥脆的油条沁满甜甜醇厚浓郁的豆浆，油条吸满温热豆浆，口感细腻香甜，真的是我喜欢的口味，每一天都可以做早餐，简直太美味了。,,,,美食,0,0,0,2022/10/3 23:40,vivo S1照亮你的美,"['https://wx2.sinaimg.cn/large/006aI8aDgy1h6sj10goqjj30qo122js8.jpg', 'https://wx1.sinaimg.cn/large/006aI8aDgy1h6sj11lthij30qo0ouwgc.jpg', 'https://wx3.sinaimg.cn/large/006aI8aDgy1h6sj11zrl2j30qo0imwem.jpg']",,
4.82063E+15,M8EEJrhFF,7338589379,海滨福多多,????????#美食##健康养生##健康#L海滨福多多的微博视频,,,,"美食,健康养生,健康",0,0,0,2022/10/3 23:30,微博视频号,,"http://f.video.weibocdn.com/o0/yyw2lyo6lx07ZHGO540g01041201baOV0E010.mp4?label=mp4_720p&template=720x1280.24.0&ori=0&ps=1BVp4ysnknHVZu&Expires=1665145536&ssig=3ayJbamjrW&KID=unistore,video",
4.82063E+15,M8ECBAwm1,7469720080,饮食菜谱,粤菜酒店的热门菜“ㄖ碓屿摇10分钟完成，鲜嫩爽滑香，一锅全有。#美食##家常菜##新星V计划#L饮食菜谱的微博视频,,,,"美食,家常菜,新星V计划",0,0,0,2022/10/3 23:24,微博视频号,,"http://f.video.weibocdn.com/o0/akj23lsalx07ZHGrVte801041200kToc0E010.mp4?label=mp4_720p&template=576x1024.24.0&ori=0&ps=1BVp4ysnknHVZu&Expires=1665145536&ssig=QuuGoV2aZ8&KID=unistore,video",
4.82027E+15,M8vmh69wj,7469720080,饮食菜谱,今天分享咸蛋黄h大头虾的做法，咸蛋黄的香味包裹着大虾，咸香酥脆真的好吃到没朋友的那种#美食##家常菜##新星V计划#L饮食菜谱的微博视频,,,,"美食,家常菜,新星V计划",2,0,0,2022/10/2 23:49,微博视频号,,"http://f.video.weibocdn.com/o0/4zx0xtZblx07ZG7hf5yE01041200sgTm0E010.mp4?label=mp4_720p&template=576x1024.24.0&ori=0&ps=1BVp4ysnknHVZu&Expires=1665145546&ssig=6kGavJ51pS&KID=unistore,video",
4.82027E+15,M8vkREceH,2795772270,困困睡醒了bye,挺好吃的环境也好就是不太辣要自调特辣酱才能满足我的味蕾???#美食##味蕾##吃辣##辣#,,南昌・一亩山鲜火锅集市(蓝海购物广场),,"美食,味蕾,吃辣,辣",0,0,1,2022/10/2 23:46,HUAWEI Mate 20,"['https://wx4.sinaimg.cn/large/a6a4196egy1h6rccze03gj21mo268hdt.jpg', 'https://wx1.sinaimg.cn/large/a6a4196egy1h6rcd0qk8uj21mo268qv5.jpg', 'https://wx2.sinaimg.cn/large/a6a4196egy1h6rcuxxoblj21mo268hdu.jpg', 'https://wx1.sinaimg.cn/large/a6a4196egy1h6rcdaie0qj21uy1uywog.jpg', 'https://wx2.sinaimg.cn/large/a6a4196egy1h6rcd2iocbj21w12ipb2a.jpg', 'https://wx4.sinaimg.cn/large/a6a4196egy1h6rcd46ulzj21w12eeqv5.jpg', 'https://wx2.sinaimg.cn/large/a6a4196egy1h6rcd8wnq6j21w12ipk2e.jpg', 'https://wx1.sinaimg.cn/large/a6a4196egy1h6rcgc9gbvj21w12ip15x.jpg', 'https://wx1.sinaimg.cn/large/a6a4196egy1h6rcutxnooj223x35s1kx.jpg']",,
4.82027E+15,M8vjNosuY,6616412593,不吃香蕉咋中,嗯，就是，还行吧，广东早茶第一顿#早茶##美食##不可辜负的美食#,,珠海・华发商都,,"早茶,美食,不可辜负的美食",0,0,0,2022/10/2 23:43,荣耀X10Max 5G,"['https://wx3.sinaimg.cn/large/007dLNa9gy1h6rdftmfxjj30u014079x.jpg', 'https://wx2.sinaimg.cn/large/007dLNa9gy1h6rdfu8zoxj30u01400um.jpg', 'https://wx3.sinaimg.cn/large/007dLNa9gy1h6rdfv0xvvj30u0140mz3.jpg', 'https://wx1.sinaimg.cn/large/007dLNa9gy1h6rdfvtrf3j30u0140755.jpg', 'https://wx3.sinaimg.cn/large/007dLNa9gy1h6rdfwm06cj30u0140q4h.jpg']",,
4.82027E+15,M8vj6eTIx,7385858296,不二的晚餐,这是我家餐桌上出镜次数最多的下饭菜，简单美味又下饭#美食##吃货在这里##一人食#L不二的晚餐的微博视频,,,,"美食,吃货在这里,一人食",4,0,6,2022/10/2 23:42,微博视频号,,"http://f.video.weibocdn.com/o0/voWVIVS1lx07ZzweE8ys01041200sPbl0E010.mp4?label=mp4_720p&template=720x1280.24.0&ori=0&ps=1BVp4ysnknHVZu&Expires=1665145546&ssig=K4uzp1IXpy&KID=unistore,video",
4.82027E+15,M8vhJryg5,6321585490,一日看尽长安花VIP,2分钟3块钱，解锁土豆粉的神仙吃法！邦淇老陕快手菜之【酸辣土豆粉】来喽！快做起来吧～#美食##美食分享#L一日看尽长安花VIP的微博视频,,,,"美食,美食分享",0,0,0,2022/10/2 23:38,iPhone客户端,,"http://f.video.weibocdn.com/o0/go1afHurlx07ZG6v90oo01041200zj3C0E010.mp4?label=mp4_720p&template=720x1280.24.0&ori=0&ps=1BVp4ysnknHVZu&Expires=1665145546&ssig=Qd%2FDvM2b7T&KID=unistore,video",
4.82027E+15,M8vg2jdWQ,5267989582,王火火美食记,分享广东名菜豉油鸡，做法简单，皮脆肉嫩，入味又好吃~#美食#L王火火美食记的微博视频,,,,美食,3,1,1,2022/10/2 23:34,微博视频号,,"http://f.video.weibocdn.com/o0/zgBMRYKDlx07ZG6dSiNq01041200aOJ00E010.mp4?label=mp4_hd&template=540x960.24.0&ori=0&ps=1BVp4ysnknHVZu&Expires=1665145546&ssig=QW%2BjDKT8Z7&KID=unistore,video",
4.82027E+15,M8vcNkV9e,2851792961,发现旅行推荐,#美食#《地道美食攻略，真香！国庆假期在海口这么吃就对了！》#海口##国际旅游消费体验官##koc话题预热##消博会精彩集锦#O地道美食攻略，真香！国庆假期在海口这么吃就对了！,,,,"美食,海口,国际旅游消费体验官,koc话题预热,消博会精彩集锦",0,0,0,2022/10/2 23:26,微博 weibo.com,,,
4.82027E+15,M8vcK9iOl,7667089623,我是只爱啾星的Amber小哪渣,喜欢日料喜欢清淡喜欢海鲜喜欢生食又是开心的一顿晚餐#美食##吃货在这里##amber的吃喝玩乐生活札记#,,,,"美食,吃货在这里,amber的吃喝玩乐生活札记",0,2,6,2022/10/2 23:26,iPhone客户端,"['https://wx1.sinaimg.cn/large/008mSkfRgy1h6rcqjx78ij31400u0al4.jpg', 'https://wx4.sinaimg.cn/large/008mSkfRgy1h6rcxhp0n0j30u0140gvg.jpg', 'https://wx4.sinaimg.cn/large/008mSkfRgy1h6rcx1gd5sj30u0140110.jpg']",,
4.82027E+15,M8vbF0lFS,5842626646,不会emo的羊,下班吃火锅儿啦#美食#,,成都・四川大学望江校区,,美食,0,0,0,2022/10/2 23:23,iPhone客户端,['https://wx1.sinaimg.cn/large/006np45Ely1h6rcw3x9juj33402c07wj.jpg'],,
4.82026E+15,M8vaC0X3i,7469720080,饮食菜谱,家里有个爱吃梅菜扣肉的老公，可是做起来又嫌麻烦，那就给他安排这个梅菜烧肉，吃的可香了。#美食##家常菜##新星V计划#L饮食菜谱的微博视频,,,,"美食,家常菜,新星V计划",1,0,0,2022/10/2 23:21,微博视频号,,"http://f.video.weibocdn.com/o0/rzuE5HBZlx07ZG5iYeXe01041200vT4z0E010.mp4?label=mp4_720p&template=576x1024.24.0&ori=0&ps=1BVp4ysnknHVZu&Expires=1665145546&ssig=xcRSRjU29K&KID=unistore,video",
4.81991E+15,M8lZKD8gV,2808629543,Guoyqins-果,国庆开始咯??看好看的电影?吃好吃的日料???美食#美食#,,深圳,,美食,0,0,0,2022/10/1 23:59,iPhone客户端,"['https://wx2.sinaimg.cn/large/a7684927gy1h6q897xycdj22c0340k8q.jpg', 'https://wx1.sinaimg.cn/large/a7684927gy1h6q89b46khj226o2crnpd.jpg', 'https://wx4.sinaimg.cn/large/a7684927gy1h6q896r1jwj225g1ho4qp.jpg', 'https://wx3.sinaimg.cn/large/a7684927gy1h6q899t91tj22c02tt1kz.jpg', 'https://wx3.sinaimg.cn/large/a7684927gy1h6q8bs2dflj22082s2x6p.jpg', 'https://wx3.sinaimg.cn/large/a7684927gy1h6q8bqrkuwj22ar340npe.jpg']",,
4.81991E+15,M8lZmFUvZ,5905596341,天然呆黄婕,分享不二日食记的@绿洲动态:h好吃哇#不可辜负的美食##美食##新星v计...O绿洲,,,绿洲,"不可辜负的美食,美食",0,0,0,2022/10/1 23:58,iPhone客户端,['https://wx3.sinaimg.cn/large/006rFhnTly1h6q8az4uuoj30j60y3760.jpg'],,
4.81991E+15,M8lZlhTqb,6103270656,怪兽,趁烧，趁年轻大口喝酒，大口吃肉！#美食##不可辜负的美食##上海美食##上海探店##趁烧#L怪兽拥奈⒉┦悠,,,,"美食,不可辜负的美食,上海美食,上海探店,趁烧",0,3,4,2022/10/1 23:58,微博视频号,,"http://f.video.weibocdn.com/o0/mxkBzHHnlx07ZEwZBIE001041201IMp50E010.mp4?label=mp4_720p&template=720x1280.24.0&ori=0&ps=1BVp4ysnknHVZu&Expires=1665145556&ssig=ozfH6Vb0kG&KID=unistore,video",
4.81991E+15,M8lXMjgqg,1874012680,乌苏融媒王新刚,【煎土豆沙拉】将新鲜土豆洗净，煮熟或者蒸熟；将土豆切成大小合适的块，在平底锅中放入少量油，将土豆煎成金黄色；将西红柿洗净去成小块、蔬菜洗净沥干水分，将所有蔬菜放入一个大的盆中，放入蛋黄酱以及适量熟芝麻、海苔碎，拌匀即可。#美食##美食分享#,,,,"美食,美食分享",0,0,1,2022/10/1 23:54,皮皮时光机,['https://wx3.sinaimg.cn/large/6fb32a08ly8h6q86wz9b5j20c30833zf.jpg'],,
4.81991E+15,M8lX9BEWq,1170229657,Tina厨房日记,#秋意美食vlog#超好吃的辣子鸡，超级下饭，一口一口好过隐！这样做全家人都抢着吃！#美食vlog挑战赛##美食#LTina厨房日记的微博视频,,,,"秋意美食vlog,美食vlog挑战赛,美食",85,89,196,2022/10/1 23:53,iPhone 13 Pro Max,,"http://f.video.weibocdn.com/o0/zkIKXL7alx07ZEwD8TEs01041200TdMW0E010.mp4?label=mp4_720p&template=1280x720.25.0&ori=0&ps=1BVp4ysnknHVZu&Expires=1665145556&ssig=mBxDNV4zo1&KID=unistore,video",
4.81991E+15,M8lVHudaC,2474722163,一颗小小小小小橘子zzzzzz,#国庆##美食#,,,,"国庆,美食",0,1,1,2022/10/1 23:49,iPhone 13,"['https://wx4.sinaimg.cn/large/93814373gy1h6q80gko9cj23402c0u10.jpg', 'https://wx4.sinaimg.cn/large/93814373gy1h6q80kjpfmj23402c0e84.jpg', 'https://wx2.sinaimg.cn/large/93814373gy1h6q80l4bqxj20u50wpafv.jpg']",,
4.81991E+15,M8lVrA75z,7331883337,不二日食,只要一个空气炸锅自己在家就能做蓬松暄软的小面包#美食##吃货在这里##一人食#L不二日食的微博视频,,,,"美食,吃货在这里,一人食",53,5,65,2022/10/1 23:49,微博视频号,,"http://f.video.weibocdn.com/o0/ytGiRPuclx07ZyJhmogU01041201hKyb0E010.mp4?label=mp4_720p&template=720x1280.24.0&ori=0&ps=1BVp4ysnknHVZu&Expires=1665145556&ssig=8iMfscGgBp&KID=unistore,video",
4.81991E+15,M8lVptPvL,7762649315,妃光莉_,#颜值##日常#女神爱时尚#美食##帅哥美女#お腹いっぱい、ホットドッグコンテスト吃饱了，热狗大赛?L妃光莉_的微博视频,,,,"颜值,日常,美食,帅哥美女",2,2,6,2022/10/1 23:48,微博视频号,,"http://f.video.weibocdn.com/o0/7M2h2mdjlx07ZEwkoEA801041200cBSt0E010.mp4?label=mp4_720p&template=720x1280.24.0&ori=0&ps=1BVp4ysnknHVZu&Expires=1665145556&ssig=0zkPuuh%2FDb&KID=unistore,video",
4.81991E+15,M8lUxqs4G,6525042167,小鹿大橙子,【日常plog.48?】探店?赵记烧烤?十里头社区平川路389号最近朋友圈挺火的烧烤店～夜宵佳选可能期待太高味道是还可以不过没有很惊艳啦海鲜?挺新鲜?喜欢吃的可以尝试下～??槽点：1??店里苍蝇太多了真的有点影响进食，算是个人的雷区了2??调料粉有点多啦虽然很香有一点点油腻和咸...大橙子的生活日记#美食#,,,,美食,0,0,1,2022/10/1 23:46,大橙子的生活日记超话,"['https://wx1.sinaimg.cn/large/0077ApxBgy1h6q7edwdsxj321s2qe4qs.jpg', 'https://wx3.sinaimg.cn/large/0077ApxBgy1h6q7eacootj32c0340x6s.jpg', 'https://wx2.sinaimg.cn/large/0077ApxBgy1h6q7ehlz2wj32c03407wm.jpg', 'https://wx2.sinaimg.cn/large/0077ApxBgy1h6q7eke9odj32c02c04qr.jpg', 'https://wx2.sinaimg.cn/large/0077ApxBgy1h6q7erqom8j33402c0u0z.jpg', 'https://wx3.sinaimg.cn/large/0077ApxBgy1h6q7eplhz6j33402c0qv8.jpg', 'https://wx1.sinaimg.cn/large/0077ApxBgy1h6q7en1a36j32c02c04qr.jpg', 'https://wx2.sinaimg.cn/large/0077ApxBgy1h6q7hcd25wj32c02c0qv7.jpg', 'https://wx4.sinaimg.cn/large/0077ApxBgy1h6q7hm5pp4j32c02c0b2b.jpg']",,
4.81991E+15,M8lUeuDsJ,2472443481,种草达人囤货菌,喜欢吃薯条的，一定要试试这个烤薯角，太太太好吃了，大人孩子抢着吃"空气炸锅美食"爱美食爱分享"烤薯角#美食##吃货在这里##一人食#L种草达人囤货菌的微博视频,,,,"美食,吃货在这里,一人食",0,0,0,2022/10/1 23:46,微博视频号,,"http://f.video.weibocdn.com/o0/09SgMg3elx07ZzACkGV201041200pzyQ0E010.mp4?label=mp4_720p&template=720x1280.24.0&ori=0&ps=1BVp4ysnknHVZu&Expires=1665145556&ssig=wmNgpSplLl&KID=unistore,video",
4.81955E+15,M8cz9Datj,2528014625,萌Mandie,#美食#国庆快乐,,西安・西大街,,美食,0,0,0,2022/9/30 23:59,iPhone客户端,"['https://wx2.sinaimg.cn/large/96ae7121ly1h6p2ovjq3rj21400u0k2q.jpg', 'https://wx3.sinaimg.cn/large/96ae7121ly1h6p2owgfblj20yi0u0k0w.jpg', 'https://wx4.sinaimg.cn/large/96ae7121ly1h6p2oxizm9j21400u015v.jpg', 'https://wx1.sinaimg.cn/large/96ae7121ly1h6p2oyabztj21400u00vg.jpg', 'https://wx2.sinaimg.cn/large/96ae7121ly1h6p2oyybbej21400u0wfx.jpg', 'https://wx1.sinaimg.cn/large/96ae7121ly1h6p2ozt5nmj20u0140qdm.jpg', 'https://wx2.sinaimg.cn/large/96ae7121ly1h6p2p1xjdzj21400u0tji.jpg', 'https://wx4.sinaimg.cn/large/96ae7121ly1h6p2p304pbj20lc0tktd5.jpg', 'https://wx2.sinaimg.cn/large/96ae7121ly1h6p2p6vjqqj20u01p9gwm.jpg']",,
4.81955E+15,M8cyH0NcM,1682320564,西禾火,国庆回家的第一顿饭，西红柿鸡蛋扯面。#美食#L西禾火的微博视频,,,,美食,0,2,2,2022/9/30 23:58,?稀烂的iPhone 13 Pro,,"http://f.video.weibocdn.com/o0/ZWnNuHKllx07ZCW4zjF601041200avNz0E010.mp4?label=mp4_720p&template=1280x720.25.0&ori=0&ps=1BVp4ysnknHVZu&Expires=1665145571&ssig=YkwH7HCf86&KID=unistore,video",
4.81955E+15,M8cy06DMt,7281729865,GaryWu29a,堵了四半小r的，ｉT黹L安吃r！#东莞##美食##美食分享#,,东莞・长安地王广场,,"东莞,美食,美食分享",0,0,1,2022/9/30 23:56,新版微博 weibo.com,"['https://wx1.sinaimg.cn/large/007WNozTgy1h6p2kohazfj32d02d04qq.jpg', 'https://wx2.sinaimg.cn/large/007WNozTgy1h6p2kzk8uij32d035ce83.jpg', 'https://wx3.sinaimg.cn/large/007WNozTgy1h6p2l8h19sj32d02d0kjm.jpg']",,
4.81955E+15,M8cxPtkrg,3392688382,橙熟了,生活还有酒肉和朋友?#美食#,,,,美食,0,0,2,2022/9/30 23:56,iPhone 14 Pro Max,"['https://wx3.sinaimg.cn/large/ca3850fegy1h6p2c1cwt1j2340340e87.jpg', 'https://wx1.sinaimg.cn/large/ca3850fegy1h6nurczzo8j20u00u0qil.jpg', 'https://wx4.sinaimg.cn/large/ca3850fegy1h6nuox0oyuj22c22c01ad.jpg', 'https://wx2.sinaimg.cn/large/ca3850fegy1h6nuolri5hj22c02c01l1.jpg', 'https://wx4.sinaimg.cn/large/ca3850fegy1h6p2c8ditxj22c02c0npd.jpg', 'https://wx4.sinaimg.cn/large/ca3850fegy1h6nuopxzf8j22c02c01l0.jpg', 'https://wx3.sinaimg.cn/large/ca3850fegy1h6nup10itaj22c02bzhdv.jpg', 'https://wx3.sinaimg.cn/large/ca3850fegy1h6p2c71ps3j22c02c0e86.jpg', 'https://wx3.sinaimg.cn/large/ca3850fegy1h6p2bttf2jj22c02c0qv8.jpg']",,
4.81955E+15,M8cxsb24S,7469720080,饮食菜谱,不加一滴油的鸡肉丸Q弹爆汁吃多了也没负担。低卡减脂餐#美食##家常菜##新星V计划#L饮食菜谱的微博视频,,,,"美食,家常菜,新星V计划",1,0,1,2022/9/30 23:55,微博视频号,,"http://f.video.weibocdn.com/o0/3GKZx2uxlx07ZCVRA5g401041200nXGO0E010.mp4?label=mp4_720p&template=720x1280.24.0&ori=0&ps=1BVp4ysnknHVZu&Expires=1665145571&ssig=EW2Q%2Bmj7CG&KID=unistore,video",
4.81955E+15,M8cxo1Mtw,7379369862,舌尖上的土味,自制东北酸菜"加油季"集结吧光合创作者"东北酸菜#不可辜负的美食##美食##新星v计划#L舌尖上的土味的微博视频,,,,"不可辜负的美食,美食,新星v计划",10,2,8,2022/9/30 23:55,微博视频号,,"http://f.video.weibocdn.com/o0/NZaTqMA7lx07Zx9SKkLm01041200D5tq0E010.mp4?label=mp4_720p&template=720x1280.25.0&ori=0&ps=1BVp4ysnknHVZu&Expires=1665145571&ssig=m%2BMhtKHxK%2B&KID=unistore,video",
4.81955E+15,M8cwZcr5y,6724975986,大雄日食记,下次你们在把带鱼买回来，你就像我这样做，外酥里嫩，焦香酥脆，可好吃了～?"快小菜??"美食#不可辜负的美食##美食##新星v计划#L大雄日食记的微博视频,,,,"不可辜负的美食,美食,新星v计划",12,0,10,2022/9/30 23:54,微博视频号,,"http://f.video.weibocdn.com/o0/OswaTJE6lx07ZxcOZcIU01041200oKJU0E010.mp4?label=mp4_720p&template=720x1280.24.0&ori=0&ps=1BVp4ysnknHVZu&Expires=1665145571&ssig=iIyVTA3pEn&KID=unistore,video",
4.81955E+15,M8cwi0H3Z,6165990436,JIAMENGZHEN_,【2022.9.30｜bye9-Sep?】MomBirthday?直男老爸送给老妈的生日礼物?大排骨哈哈哈～我爸真的太可爱了#日常##生日快乐##阿真的日常##美食#,,,,"日常,生日快乐,阿真的日常,美食",0,0,0,2022/9/30 23:52,日常超话,['https://wx4.sinaimg.cn/large/006JhRMEly1h6p2i1uwp4j31o01o0e83.jpg'],,
4.81955E+15,M8cuXxTtr,2766421722,泰国哈格纳大叔,直播间口袋有同款蔬菜#美食#泰国哈格纳大叔的微博直播,,,,美食,0,0,2,2022/9/30 23:49,微博直播平台,,,
4.81955E+15,M8cuffI6g,2803227407,芒果布丁泥ing,#美食##奶茶#不是柠檬就是山楂，最近快十杯山楂爽了。爱死了#卡旺卡#的这款！,,,,"美食,奶茶,卡旺卡",0,1,2,2022/9/30 23:47,iPhone客户端,"['https://wx4.sinaimg.cn/large/a715db0fly1h6p2a4hhrbj20u0140wm1.jpg', 'https://wx4.sinaimg.cn/large/a715db0fly1h6p2a4yxfvj20u00u1q7l.jpg', 'https://wx2.sinaimg.cn/large/a715db0fly1h6p2a3z6ysj20u00u040c.jpg']",,
4.81919E+15,M838H6WkB,7737563715,鹞鹰520,一日一食一记#美食#晚上吃了盒饭，份量太少，都没吃饱，于是出来吃宵夜，红通通的鱼粉，上面都是辣椒油，看起来辣，其实还好，没那么辣。再来一盘猪脚，几碗白米粥，几碗凉拌菜，几碗猪血，都吃撑了，回家。,,,,美食,0,0,0,2022/9/29 23:59,一日一食一记超话,"['https://wx3.sinaimg.cn/large/008rE1MLgy1h6nx1ah995j33k02o0avn.jpg', 'https://wx4.sinaimg.cn/large/008rE1MLgy1h6nx1c01j4j33k02o0nhr.jpg', 'https://wx3.sinaimg.cn/large/008rE1MLgy1h6nx1dxa75j33k02o0u0z.jpg', 'https://wx2.sinaimg.cn/large/008rE1MLgy1h6nx35oto0j33k02o04qr.jpg']",,
4.81919E+15,M836p3vTF,7469720080,饮食菜谱,一个普通的茄子竟然吃出了鳗鱼的味道，你信吗？美食教程#美食##家常菜##新星V计划#L饮食菜谱的微博视频,,,,"美食,家常菜,新星V计划",0,0,0,2022/9/29 23:53,微博视频号,,"http://f.video.weibocdn.com/o0/KkC0jlN7lx07ZBkSD80w01041200q1WL0E010.mp4?label=mp4_720p&template=720x1280.24.0&ori=0&ps=1BVp4ysnknHVZu&Expires=1665145585&ssig=KxbxbC9CLH&KID=unistore,video",
4.81918E+15,M83556Quw,6485678298,心静梦远,据说天天吃，都吃不够的玉米面葱油饼！收藏起来，十一假期尝试一下！#美食#L心静梦远的微博视频,,,,美食,0,1,1,2022/9/29 23:50,微博视频号,,"http://f.video.weibocdn.com/o0/0ff27Am9lx07ZBkF6mSI01041205cDK20E020.mp4?label=mp4_720p&template=1280x720.25.0&ori=0&ps=1BVp4ysnknHVZu&Expires=1665145585&ssig=haCuR7aeTO&KID=unistore,video",
4.81918E+15,M834sFLcA,5672728158,空白空室,杂七杂八的日常#长沙##美食##旅行##国庆##随手拍#,,长沙・长沙IFS国金中心,,"长沙,美食,旅行,国庆,随手拍",0,4,2,2022/9/29 23:49,iPhone客户端,"['https://wx2.sinaimg.cn/large/006bUbJsgy1h6nwiynvd7j313u0tun4d.jpg', 'https://wx4.sinaimg.cn/large/006bUbJsgy1h6nwfs9fskj31400u07d3.jpg', 'https://wx1.sinaimg.cn/large/006bUbJsgy1h6nwk8qqxbj313u0tugur.jpg', 'https://wx4.sinaimg.cn/large/006bUbJsgy1h6nwloq0lnj313u0tugrb.jpg', 'https://wx3.sinaimg.cn/large/006bUbJsgy1h6nwfu3iusj31400u0qag.jpg', 'https://wx4.sinaimg.cn/large/006bUbJsgy1h6nwft6f8wj31400u0tfk.jpg', 'https://wx2.sinaimg.cn/large/006bUbJsgy1h6nwftnayfj31400u0dnh.jpg', 'https://wx3.sinaimg.cn/large/006bUbJsgy1h6nwpmkl33j313u0ttqc8.jpg', 'https://wx3.sinaimg.cn/large/006bUbJsgy1h6nwi9xn6vj30tu13uwil.jpg']",,
4.81918E+15,M833s3odk,5097532998,壶口潮洛占敏,我发布了：灵魂涮锅进深山，黄土高坡做神仙乡村旅游，寻找的是一种情怀，感受的是一种纯粹#记录生活#旅游#美食@快手热点##快手#@快手L快洛一家人＠壶口潮的快手视频,,,"快手热点,快手","记录生活 ,快手",0,0,0,2022/9/29 23:46,微博视频号,,http://www.kuaishou.com/rest/kd/partner/weibo/linkcard/video?p=3x9ta52mtfxeuza&a=3xvyebmcyx7rquw&f=3xvyebmcyx7rquw&kpn=KUAISHOU&subBiz=BROWSE_SLIDE_PHOTO&shareChannel=weibo&shareMethod=card&shareObjectId=5253167574912278571&shareResourceType=PHOTO_SELF&shareToken=X8QjcYSnnf1B2iE,
4.81918E+15,M833aju70,3732968731,祁宸君,????????????????????解封后适合见面#贵阳##美食##美食分享#,,贵阳,,"贵阳,美食,美食分享",0,0,2,2022/9/29 23:45,Q C 的iPhone 13 Pro Max,"['https://wx2.sinaimg.cn/large/de80951bgy1h6np3agdk0j23402c0npe.jpg', 'https://wx3.sinaimg.cn/large/de80951bgy1h6nwoylv9oj233z2bze83.jpg', 'https://wx4.sinaimg.cn/large/de80951bgy1h6np3d1zy1j23402c0kjm.jpg', 'https://wx2.sinaimg.cn/large/de80951bgy1h6np3hlehij22c0340u0y.jpg', 'https://wx1.sinaimg.cn/large/de80951bgy1h6np37e33kj22c0340hdv.jpg', 'https://wx2.sinaimg.cn/large/de80951bgy1h6nwp056flj22c0340u0y.jpg']",,
4.81918E+15,M831enuFL,2252472904,oY小湘,#美食#日日有食神奄仔蟹好吃,,,,美食,0,1,0,2022/9/29 23:41,iPhone客户端,"['https://wx1.sinaimg.cn/large/86420248gy1h6nwisdy1uj22c02c0u0x.jpg', 'https://wx3.sinaimg.cn/large/86420248gy1h6nwiv4blgj22c02c0kjm.jpg', 'https://wx2.sinaimg.cn/large/86420248gy1h6nwiz7t9fj22c02c0hdu.jpg', 'https://wx4.sinaimg.cn/large/86420248gy1h6nwj32393j22c02c0qv5.jpg']",,
4.81918E+15,M830su98U,7002950499,可是土豆真的很好吃啊,#美食#好吃的酸枣糕,,,,美食,0,1,0,2022/9/29 23:39,iQOO Neo5 生而为赢,"['https://wx2.sinaimg.cn/large/007DVFkvgy1h6nwhepy9qj32bc2bcu0y.jpg', 'https://wx4.sinaimg.cn/large/007DVFkvgy1h6nwhivgggj33341qkavn.jpg', 'https://wx2.sinaimg.cn/large/007DVFkvgy1h6nwhhfoupj32bc334b2e.jpg']",,
4.81918E+15,M82ZZzWY6,7382470383,饭票bot,是我家孩子特别爱喝的汤，每个星期都要做上几次，汤鲜味美、营养丰富#美食##吃货在这里##一人食#L饭票bot的微博视频,,,,"美食,吃货在这里,一人食",6,2,10,2022/9/29 23:38,微博视频号,,"http://f.video.weibocdn.com/o0/C3L0y5uIlx07ZvJ3OSvu01041200Bkvj0E010.mp4?label=mp4_720p&template=720x1280.24.0&ori=0&ps=1BVp4ysnknHVZu&Expires=1665145585&ssig=omLTo0UzNS&KID=unistore,video",
4.81918E+15,M82ZY6pvp,6354816761,若离0913,分享@九妈厨房的@绿洲动态：「窖炒花甲」#九月时光记录簿##美食##炒花甲#用了这个...O绿洲,,,"九妈厨房,绿洲","九月时光记录簿,美食,炒花甲",0,0,0,2022/9/29 23:37,绿洲APP,['https://wx3.sinaimg.cn/large/006W4a8xly1h6nwgtapzzj30gv0u0djf.jpg'],,
4.81157E+15,M4R3ZBgEA,6101001496,爱吃蛋糕的棉花糖,做法简单营养又好吃。#美食##美食教程##虾仁木耳炒蛋#L爱吃蛋糕的棉花糖的微博视频,,,,"美食,美食教程,虾仁木耳炒蛋",0,0,0,2022/9/8 23:44,微博视频号,,"http://f.video.weibocdn.com/o0/qSk6i4n8lx07Z3DIoi0w01041200lkLz0E010.mp4?label=mp4_720p&template=720x1280.24.0&ori=0&ps=1BVp4ysnknHVZu&Expires=1665145597&ssig=X95pxXVRJe&KID=unistore,video",
4.81157E+15,M4R2pfIgb,1828603183,天也钙道片论,第一次吃这个，过程有点繁琐。?#美食##向往的美食#L笑趴了的微博视频,,,,"美食,向往的美食",0,0,0,2022/9/8 23:40,微博 weibo.com,,"http://f.video.weibocdn.com/V6esRAUalx07OUWhNTEk01041200xixf0E010.mp4?label=mp4_720p&template=720x1280.24.0&trans_finger=0dec003e4dad885964301ff5a1db7715&ori=0&ps=1BVp4ysnknHVZu&Expires=1665145597&ssig=DTF3jFwhfI&KID=unistore,video",
4.81157E+15,M4R1d4zH3,6587829748,影灵巨巨,#美食##分享#纯粹简单又好吃我首选水煮大头虾哈哈。我的做法是简单清洗一下买来的大头虾，然后放清水里面煮，水里再加几片姜片，加点盐。熟了捞出来蘸醋（醋里加点蒜）就能吃了，偶尔还能吃到满满的虾膏哈哈，我的最爱,,太原,,"美食,分享",0,0,2,2022/9/8 23:37,vivo AI智慧拍照X21,['https://wx1.sinaimg.cn/large/007bPRswly1h5zmfhlgy7j309q0a7mzg.jpg'],,
4.81157E+15,M4R153FVc,6079285401,美食秘诀,【低脂酸辣汤】酸辣鲜香，暖心又暖胃，五分钟就能搞定，美食get~#美食#L美食秘诀的微博视频,,,,美食,1,0,2,2022/9/8 23:36,微博视频号,,"http://f.video.weibocdn.com/0043Ax3Qlx07xqjQ6xAs01041200lCBP0E010.mp4?label=mp4_720p&template=720x1280.25.0&trans_finger=8a8eb669d0cac305811135221ca7e104&ori=0&ps=1BVp4ysnknHVZu&Expires=1665145597&ssig=k9k8sG3K2V&KID=unistore,video",
4.81157E+15,M4R0zofuI,7298373714,杂货辑bot,总有一天，你的心上人，会身披土豆饼，脚踩棉花糖，手持烤肉鸡腿来找你。#美食#美食#壁纸##日常##情头##文案#,,,,"美食,壁纸,日常,情头,文案",0,0,4,2022/9/8 23:35,美食超话,"['https://wx4.sinaimg.cn/large/007XVep4ly1h5zmaskm9gj30uq1uiwux.jpg', 'https://wx1.sinaimg.cn/large/007XVep4ly1h5zmasu9sij30lt1bedgm.jpg', 'https://wx2.sinaimg.cn/large/007XVep4ly1h5zmata5tsj30lx1bd76i.jpg', 'https://wx2.sinaimg.cn/large/007XVep4ly1h5zmatn8wyj30zk24wgqy.jpg', 'https://wx1.sinaimg.cn/large/007XVep4ly1h5zmau191sj30u01swqo6.jpg', 'https://wx1.sinaimg.cn/large/007XVep4ly1h5zmauv0yvj30u01sx1kx.jpg', 'https://wx4.sinaimg.cn/large/007XVep4ly1h5zmavg2u3j30u01sx4hs.jpg', 'https://wx1.sinaimg.cn/large/007XVep4ly1h5zmas4az7j30u01sw0ys.jpg', 'https://wx1.sinaimg.cn/large/007XVep4ly1h5zmaud79pj30on1hbn6a.jpg']",,
4.81157E+15,M4R0d2uB7,6000347282,魔仙堡在逃清洁工啊,不开心睡一觉，就让它过去吧伤心还好，伤胃就不好了#济南##美食#,,济南・山师东路,,"济南,美食",0,0,4,2022/9/8 23:34,iPhone客户端,"['https://wx3.sinaimg.cn/large/006y4QqSly1h5zmamaztij31400u0di8.jpg', 'https://wx1.sinaimg.cn/large/006y4QqSly1h5zmamo0l7j31400u0dhg.jpg', 'https://wx4.sinaimg.cn/large/006y4QqSly1h5zmamwffjj31400u0q7w.jpg', 'https://wx3.sinaimg.cn/large/006y4QqSly1h5zmaq081dj31400u0gn3.jpg', 'https://wx4.sinaimg.cn/large/006y4QqSly1h5zman73qhj31400u0dht.jpg', 'https://wx4.sinaimg.cn/large/006y4QqSly1h5zmangzyyj31400u07dv.jpg', 'https://wx4.sinaimg.cn/large/006y4QqSly1h5zmanwtf0j31400u0n3i.jpg', 'https://wx2.sinaimg.cn/large/006y4QqSly1h5zmao7m74j31400u0778.jpg', 'https://wx1.sinaimg.cn/large/006y4QqSly1h5zmaonj8cj31400u0n6s.jpg']",,
4.81157E+15,M4QZbcR8g,7399459961,别想太好别太想好,#美食#我和我的好朋友们真的拒绝不了拇指包可乐杯!肥肠包大葱也好好吃，我们临走还专门去洪崖洞分别打包了一份!还要为它再去重庆无数次!糯叽叽冰粉甜品脑袋啊，整个冰柜五颜六色的冰粉谁不爱?太好看不说口味也太多了，紫薯杨梅青提芒果柠檬玫瑰荔枝……看着就清爽解暑，还只要4.8r+一杯还有酸奶雪山冰，抹茶芒果草莓酸奶块，每种都好好吃,,,,美食,0,0,0,2022/9/8 23:32,HUAWEI P40 5G,"['https://wx4.sinaimg.cn/large/0084Lnypgy1h5zmaa8vg4j30qo0wnn0k.jpg', 'https://wx2.sinaimg.cn/large/0084Lnypgy1h5zmaat7y3j30qo0wkdld.jpg']",,
4.81157E+15,M4QYuzcRx,6263875391,小小包说体育,大厨这颠勺的高境界，服气#美食##向往的美食#L挖图志的秒拍视频,,,,"美食,向往的美食",0,0,0,2022/9/8 23:30,微博 weibo.com,,"http://f.us.sinaimg.cn/003myZvulx07lFOOi60E010402003Fth0k010.mp4?label=mp4_hd&template=360x640.28&ori=0&ps=1BVp4ysnknHVZu&Expires=1665145597&ssig=t4Rtm4h%2Btv&KID=unistore,video",
4.81157E+15,M4QYsyq2x,6263875391,小小包说体育,日本节目：日本女孩说只吃日本食物，被打脸。后面的小伙子更逗?#美食##向往的美食#L这个要火的节奏的微博视频,,,,"美食,向往的美食",0,0,0,2022/9/8 23:30,微博 weibo.com,,"http://f.video.weibocdn.com/rRkM5q1Mlx07NTZcA8Xu01041200jZKH0E010.mp4?label=mp4_hd&template=852x480.25.0&trans_finger=62b30a3f061b162e421008955c73f536&ori=0&ps=1BVp4ysnknHVZu&Expires=1665145597&ssig=5b%2FIj3HaiY&KID=unistore,video",
4.81157E+15,M4QYkyBaC,5631519545,你是哪块小生姜,火爆街头的mini糖葫芦，在家也能轻松复刻，比外面卖的还好吃呢～美的会员日#美食##向往的美食#L思想牢笼的微博视频,,,,"美食,向往的美食",0,0,0,2022/9/8 23:30,微博 weibo.com,,"http://f.video.weibocdn.com/o0/KB9zfAXQlx07RtUayEg801041200sfRv0E010.mp4?label=mp4_720p&template=1024x576.25.0&trans_finger=1f0da16358befad33323e3a1b7f95fc9&ori=0&ps=1BVp4ysnknHVZu&Expires=1665145597&ssig=tylHFTIQfe&KID=unistore,video",
4.81121E+15,M4HIQCKue,7738782346,浪漫建筑者_,甜口玉米肠今天吃面#美食#,,,,美食,0,0,1,2022/9/7 23:57,甜口玉米肠超话,['https://wx1.sinaimg.cn/large/008rJ8O6ly1h5yhdh8psdj30k00zkwg6.jpg'],,
4.81121E+15,M4HIJwaJ2,5746012389,草莓味的果,我发布了：#光合分助成长#快手创作者服务中心#美食##快手#@快手L我是瑾昕的快手视频,,,快手,"光合分助成长 ,美食 ,快手",0,0,0,2022/9/7 23:56,快手,,http://www.kuaishou.com/rest/kd/partner/weibo/linkcard/video?p=3xvayzm7ugavg6u&a=3x98mpc4qzvhwk6&f=3x98mpc4qzvhwk6&kpn=KUAISHOU&subBiz=BROWSE_SLIDE_PHOTO&shareChannel=weibo&shareMethod=card&shareObjectId=5253730524809035387&shareResourceType=PHOTO_SELF&shareToken=X-5TrWPF9A2HC18L,
4.81121E+15,M4HI0hrEB,5867390462,小小芸说体育,蛋包饭最高级，最灵魂的地方就是最后用刀切的那一刻了吧！#美食##向往的美食#L希同姐姐的微博视频,,,,"美食,向往的美食",0,0,0,2022/9/7 23:55,微博 weibo.com,,"http://f.video.weibocdn.com/J8zJWJzblx07FYbI5MQU01041201j86J0E010.mp4?label=mp4_720p&template=1280x720.25.0&trans_finger=721584770189073627c6ee9d880087b3&ori=0&ps=1BVp4ysnknHVZu&Expires=1665145611&ssig=fVGia%2BG5ZC&KID=unistore,video",
4.81121E+15,M4HHZDCFg,3963184341,微笑3963184341,你拆三个留一个不行？?#美食##向往的美食#L奇贱哥的微博视频,,,,"美食,向往的美食",0,0,0,2022/9/7 23:55,微博 weibo.com,,"http://f.video.weibocdn.com/QgB8AUEslx07NRM2zIKc0104120089Op0E010.mp4?label=mp4_hd&template=540x960.24.0&trans_finger=7c347e6ee1691b93dc7e5726f4ef34b3&ori=0&ps=1BVp4ysnknHVZu&Expires=1665145611&ssig=HsX%2BH7v9AS&KID=unistore,video",
4.81121E+15,M4HHZ7ICe,6008238571,青山平人,普普通通的面包片，硬是做成了买不起的样子，真是吃货在民间啊?#美食##向往的美食#L秃头了的贫僧的微博视频,,,,"美食,向往的美食",0,0,1,2022/9/7 23:55,微博 weibo.com,,"http://f.video.weibocdn.com/o0/mcGGqpGQlx07SPsqVjAI01041203u7Jx0E020.mp4?label=mp4_720p&template=1280x720.25.0&trans_finger=1f0da16358befad33323e3a1b7f95fc9&ori=0&ps=1BVp4ysnknHVZu&Expires=1665145611&ssig=mawfjRZyv4&KID=unistore,video",
4.81121E+15,M4HHYygFN,5706480250,小迪是你爹,女友从国外买的榴莲蜜，本以为是惊喜，拆开后才知道是惊吓?#美食##向往的美食#L娱乐胶囊的微博视频,,,,"美食,向往的美食",0,0,0,2022/9/7 23:55,微博 weibo.com,,"http://f.video.weibocdn.com/aGiUT364lx07MXDnHymQ010412008WNM0E010.mp4?label=mp4_hd&template=540x960.24.0&trans_finger=7c347e6ee1691b93dc7e5726f4ef34b3&ori=0&ps=1BVp4ysnknHVZu&Expires=1665145611&ssig=tvdWnSg6KK&KID=unistore,video",
4.81121E+15,M4HHYcgtF,5746012389,草莓味的果,我发布了：#光合分助成长#快手创作者服务中心#美食##快手#@快手L我是瑾昕的快手视频,,,快手,"光合分助成长 ,美食 ,快手",0,0,0,2022/9/7 23:55,快手,,http://www.kuaishou.com/rest/kd/partner/weibo/linkcard/video?p=3xvayzm7ugavg6u&a=3x98mpc4qzvhwk6&f=3x98mpc4qzvhwk6&kpn=KUAISHOU&subBiz=BROWSE_SLIDE_PHOTO&shareChannel=weibo&shareMethod=card&shareObjectId=5253730524809035387&shareResourceType=PHOTO_SELF&shareToken=X4JXGIaFWwUSaxD,
4.81121E+15,M4HHXlfas,3963184341,微笑3963184341,这个台灯蛋糕我还是服气的，把细节做到了极致！#美食##向往的美食#L你的甜品师的微博视频,,,,"美食,向往的美食",0,0,0,2022/9/7 23:55,烹饪教程 ・ 视频社区,,"http://f.video.weibocdn.com/abvD9zP1lx07Lug9Sbeo01041200ce4L0E010.mp4?label=mp4_hd&template=480x852.25.0&trans_finger=d8257cc71422c9ad30fe69ce9523c87b&ori=0&ps=1BVp4ysnknHVZu&Expires=1665145611&ssig=p%2FBBBppv5U&KID=unistore,video",
4.81121E+15,M4HGNgobr,2455079691,不发光的夜明猪,打卡一家川菜馆-桃苑四川豆花没想到门店蛮大，菜单也是大大厚厚的一本豆花配辣酱也是挺新鲜，无辣不欢的我可以接受水煮鱼选了大头鱼，有点后悔了，太多刺，下次想试试他家的干锅#川菜##美食##深圳美食#,,深圳・桃苑四川豆花,,"川菜,美食,深圳美食",0,0,0,2022/9/7 23:52,iPhone客户端,"['https://wx2.sinaimg.cn/large/92558b0bgy1h5yh2ul3u0j23402c0kjn.jpg', 'https://wx1.sinaimg.cn/large/92558b0bgy1h5yh2yvigpj22c03407wj.jpg', 'https://wx1.sinaimg.cn/large/92558b0bgy1h5yh34v4ktj22c0340kb2.jpg', 'https://wx1.sinaimg.cn/large/92558b0bgy1h5yh3dugl4j22c03404qr.jpg', 'https://wx4.sinaimg.cn/large/92558b0bgy1h5yh3lytm2j23402c0kca.jpg', 'https://wx1.sinaimg.cn/large/92558b0bgy1h5yh3q78uhj22c03404qr.jpg']",,
4.81121E+15,M4HFZzt8q,6461052389,茜爷S,普普通通的面包片，硬是做成了买不起的样子，真是吃货在民间啊?#美食##向往的美食#L秃头了的贫僧的微博视频,,,,"美食,向往的美食",0,0,0,2022/9/7 23:50,微博 weibo.com,,"http://f.video.weibocdn.com/o0/mcGGqpGQlx07SPsqVjAI01041203u7Jx0E020.mp4?label=mp4_720p&template=1280x720.25.0&trans_finger=1f0da16358befad33323e3a1b7f95fc9&ori=0&ps=1BVp4ysnknHVZu&Expires=1665145611&ssig=mawfjRZyv4&KID=unistore,video",
4.81085E+15,M4yhndpJy,5720390224,迓杳朗,油豆腐好吃下饭试试不？一口爆汁#美食##微博新潮计划##美食种草大赛##微博视频号打卡计划##微博清凉节L迓杳朗车奈⒉┦悠,,,,"美食,微博新潮计划,美食种草大赛,微博视频号打卡计划",3,4,2,2022/9/6 23:54,微博视频号,,"http://f.video.weibocdn.com/o0/2Xo1etZAlx07Z0EtjDq001041200uXTm0E010.mp4?label=mp4_720p&template=720x1280.24.0&ori=0&ps=1BVp4ysnknHVZu&Expires=1665145625&ssig=Q%2FAKMQBAx7&KID=unistore,video",
4.81085E+15,M4ygjebGm,5578470293,W夫人家,#美食##好物推荐#味道都是我最爱的，冲鸭！！！,,,,"美食,好物推荐",0,0,0,2022/9/6 23:52,甜心少女iPhone客户端,"['https://wx3.sinaimg.cn/large/0065wGXjgy1h5xbjysq2rj32801o0hdy.jpg', 'https://wx3.sinaimg.cn/large/0065wGXjgy1h5xbk1c1nvj31o0280u10.jpg', 'https://wx3.sinaimg.cn/large/0065wGXjgy1h5xbk575b5j31o0280qv9.jpg', 'https://wx4.sinaimg.cn/large/0065wGXjgy1h5xbjuxjz0j31o02804qr.jpg', 'https://wx1.sinaimg.cn/large/0065wGXjgy1h5xbk83alsj31o02801kz.jpg', 'https://wx2.sinaimg.cn/large/0065wGXjgy1h5xbkasvs7j31o0280kjn.jpg', 'https://wx4.sinaimg.cn/large/0065wGXjgy1h5xbke8ytoj31o0280qv8.jpg', 'https://wx1.sinaimg.cn/large/0065wGXjgy1h5xbkhji8cj31o0280kjo.jpg', 'https://wx4.sinaimg.cn/large/0065wGXjgy1h5xbkkn9g5j32801o0qv8.jpg']",,
4.81085E+15,M4yftwuNU,6263875391,小小包说体育,第一次见这种包法。??#美食##向往的美食#L秃头了的贫僧的微博视频,,,,"美食,向往的美食",0,0,0,2022/9/6 23:50,微博 weibo.com,,"http://f.video.weibocdn.com/PyYOpI2Ilx07N5i8K7tu01041200UoLH0E010.mp4?label=mp4_hd&template=656x1008.24.0&trans_finger=7c347e6ee1691b93dc7e5726f4ef34b3&ori=0&ps=1BVp4ysnknHVZu&Expires=1665145625&ssig=ksDTK0zSd5&KID=unistore,video",
4.81085E+15,M4yftib2q,5532065321,小小韦说体育,终于对我的榴莲下手了，感觉还不错这个盲盒很Ok爱了爱了?#美食##向往的美食#L娱乐胶囊的微博视频,,,,"美食,向往的美食",0,0,0,2022/9/6 23:50,微博 weibo.com,,"http://f.video.weibocdn.com/8DVvf4nxlx07N3f3GPhe010412018E6b0E010.mp4?label=mp4_720p&template=720x1280.24.0&trans_finger=c3f00996be5378650057cf237d7bfffd&ori=0&ps=1BVp4ysnknHVZu&Expires=1665145625&ssig=o27WeObSsR&KID=unistore,video",
4.81085E+15,M4yfsq1Z7,3206950800,吴侬小丑,德国一位妈妈给上幼儿园的孩子精心准备的便当，精致可爱、花样繁多，但是总感觉少了点什么...#美食##向往的美食#L九天圣教主的微博视频,,,,"美食,向往的美食",0,0,0,2022/9/6 23:50,微博 weibo.com,,"http://f.video.weibocdn.com/o0/zGbD0DPrlx07Rq8jP2kU01041201LSZx0E010.mp4?label=mp4_720p&template=720x1280.24.0&trans_finger=0dec003e4dad885964301ff5a1db7715&ori=0&ps=1BVp4ysnknHVZu&Expires=1665145625&ssig=eB3mfriD49&KID=unistore,video",
4.81085E+15,M4yfs6fAz,5631519545,你是哪块小生姜,苹果的正确吃法？#美食##向往的美食#L这个要火的节奏的微博视频,,,,"美食,向往的美食",0,0,0,2022/9/6 23:50,微博 weibo.com,,"http://f.video.weibocdn.com/Mzig6V7Ulx07MVy8sZD201041200q9H70E010.mp4?label=mp4_hd&template=576x1024.24.0&trans_finger=7c347e6ee1691b93dc7e5726f4ef34b3&ori=0&ps=1BVp4ysnknHVZu&Expires=1665145625&ssig=PvTHZqSkpX&KID=unistore,video",
4.81085E+15,M4yfrwNUd,5077473641,小柳家的小娜,以前听老人说过，吃牛蹄干活有力气，我把做法分享给大家。#美食##向往的美食#L让你逗我笑的微博视频,,,,"美食,向往的美食",0,0,0,2022/9/6 23:50,微博 weibo.com,,"http://f.video.weibocdn.com/o0/Kqhx0CH9lx07R09y88Gs01041203ICOp0E020.mp4?label=mp4_720p&template=720x1280.24.0&trans_finger=0dec003e4dad885964301ff5a1db7715&ori=0&ps=1BVp4ysnknHVZu&Expires=1665145625&ssig=QcO%2B8GhCWa&KID=unistore,video",
4.81085E+15,M4yfqAgP9,5532065321,小小韦说体育,原来可以这样削和切水果，学到了?#美食##向往的美食#L奇贱哥的微博视频,,,,"美食,向往的美食",0,0,0,2022/9/6 23:50,微博 weibo.com,,"http://f.video.weibocdn.com/KYpHch6Mlx07MHJiqoBa01041201qdDu0E010.mp4?label=mp4_720p&template=720x1280.24.0&trans_finger=c3f00996be5378650057cf237d7bfffd&ori=0&ps=1BVp4ysnknHVZu&Expires=1665145625&ssig=o1zxpa%2BP2t&KID=unistore,video",
4.81085E+15,M4yfqz9YZ,3473546812,忘丶享,监控拍下的餐厅小龙虾的做法，这个你能接受吗？#美食##向往的美食#L让你逗我笑的微博视频,,,,"美食,向往的美食",0,0,0,2022/9/6 23:50,微博 weibo.com,,"http://f.video.weibocdn.com/o0/k8XwfptOlx07QU9V7OdG01041200t9Te0E010.mp4?label=mp4_720p&template=720x1280.24.0&trans_finger=0dec003e4dad885964301ff5a1db7715&ori=0&ps=1BVp4ysnknHVZu&Expires=1665145625&ssig=gG20nNRz7B&KID=unistore,video",
4.81049E+15,M4oQYxuEw,3867943997,小棉花的喵生很美好,几款纸杯蛋糕的裱花装饰，这手也太巧了吧！看着就好好吃?#美食##向往的美食#L谁干的的微博视频,,,,"美食,向往的美食",0,0,0,2022/9/5 23:55,微博 weibo.com,,"http://f.video.weibocdn.com/M0k3KZoTlx07Ndo8enri01041200ErwZ0E010.mp4?label=mp4_hd&template=640x1136.24.0&trans_finger=7c347e6ee1691b93dc7e5726f4ef34b3&ori=0&ps=1BVp4ysnknHVZu&Expires=1665145636&ssig=TqVN7VhmRH&KID=unistore,video",
4.81049E+15,M4oQYdGyy,1873589975,手机用户1873589975,为什么你炒菜不好吃？记住这4点，不好吃来找我。??#美食##向往的美食#L沙一石的微博视频,,,,"美食,向往的美食",0,0,0,2022/9/5 23:55,微博 weibo.com,,"http://f.video.weibocdn.com/XexyRmJslx07LLzjFKKs01041200fbkc0E010.mp4?label=mp4_hd&template=576x1024.24.0&trans_finger=7c347e6ee1691b93dc7e5726f4ef34b3&ori=0&ps=1BVp4ysnknHVZu&Expires=1665145636&ssig=FPDTaViLEC&KID=unistore,video",
4.81049E+15,M4oP09cOl,6461052389,茜爷S,一个木匠去做巧克力了这还怎么下口???#美食##向往的美食#L大碗姐的微博视频,,,,"美食,向往的美食",0,0,0,2022/9/5 23:50,微博 weibo.com,,"http://f.video.weibocdn.com/sh8aD1vZlx07LpLT3cMM01041200LsiS0E010.mp4?label=mp4_ld&template=360x636.24.0&trans_finger=81b11b8c5ffb62d33ceb3244bdd17e7b&ori=0&ps=1BVp4ysnknHVZu&Expires=1665145636&ssig=YO5ZJcCASr&KID=unistore,video",
4.81049E+15,M4oOYoX32,6263875391,小小包说体育,为什么辣椒油瞬间沸腾了？#美食##向往的美食#L不形象代言人的秒拍视频,,,,"美食,向往的美食",0,0,0,2022/9/5 23:50,微博 weibo.com,,"http://f.us.sinaimg.cn/003f8FMWlx07ndG95Ls401040200bpnw0k010.mp4?label=mp4_720p&template=720x960.28&ori=0&ps=1BVp4ysnknHVZu&Expires=1665145636&ssig=6iaUCOzUSv&KID=unistore,video",
4.81049E+15,M4oOXyZ89,5532065321,小小韦说体育,油炸油炸方便面面条#美食##向往的美食#Ll情包的微博视频,,,,"美食,向往的美食",0,0,0,2022/9/5 23:50,微博 weibo.com,,"http://f.video.weibocdn.com/27LcNQnVlx07LtwoX6LC010412007Llo0E010.mp4?label=mp4_hd&template=540x778.24.0&trans_finger=7c347e6ee1691b93dc7e5726f4ef34b3&ori=0&ps=1BVp4ysnknHVZu&Expires=1665145636&ssig=jnlAOEf5I6&KID=unistore,video",
4.81049E+15,M4oOXtui4,5631519545,你是哪块小生姜,烤牛奶果然好吃，收藏吧！#美食##向往的美食#L这个要火的节奏的微博视频,,,,"美食,向往的美食",0,0,0,2022/9/5 23:50,微博 weibo.com,,"http://f.video.weibocdn.com/lFpcYW82lx07LR2HRBXi01041200dpsT0E010.mp4?label=mp4_720p&template=720x1280.24.0&trans_finger=c3f00996be5378650057cf237d7bfffd&ori=0&ps=1BVp4ysnknHVZu&Expires=1665145636&ssig=MHhqAw4CDZ&KID=unistore,video",
4.81049E+15,M4oOXghMZ,5077473641,小柳家的小娜,几款纸杯蛋糕的裱花装饰，这手也太巧了吧！看着就好好吃?#美食##向往的美食#L谁干的的微博视频,,,,"美食,向往的美食",0,0,0,2022/9/5 23:50,微博 weibo.com,,"http://f.video.weibocdn.com/M0k3KZoTlx07Ndo8enri01041200ErwZ0E010.mp4?label=mp4_hd&template=640x1136.24.0&trans_finger=7c347e6ee1691b93dc7e5726f4ef34b3&ori=0&ps=1BVp4ysnknHVZu&Expires=1665145636&ssig=TqVN7VhmRH&KID=unistore,video",
4.81049E+15,M4oOWBnzW,3473546812,忘丶享,天天只会吃的你们知道这些菜是怎么种出来的吗？有些看起来好神奇啊！涨姿势了！??#美食##向往的美食#L百姓话题的微博视频,,,,"美食,向往的美食",0,0,0,2022/9/5 23:50,微博 weibo.com,,"http://f.video.weibocdn.com/000Ld01zlx07yY9KXTgk01041204axIP0E020.mp4?label=mp4_720p&template=720x1280.24.0&trans_finger=c3f00996be5378650057cf237d7bfffd&ori=0&ps=1BVp4ysnknHVZu&Expires=1665145636&ssig=TGh7vefPGD&KID=unistore,video",
4.81049E+15,M4oOWAg1N,3206950800,吴侬小丑,人类两大欲望的终极对决#美食##向往的美食#L事后胜孔明的微博视频,,,,"美食,向往的美食",0,0,0,2022/9/5 23:50,微博 weibo.com,,"http://f.video.weibocdn.com/wBkCinFZlx07M348f8Ck010412008YQi0E010.mp4?label=mp4_hd&template=480x720.24.0&trans_finger=7c347e6ee1691b93dc7e5726f4ef34b3&ori=0&ps=1BVp4ysnknHVZu&Expires=1665145636&ssig=NZEcvlhWfn&KID=unistore,video",
4.81049E+15,M4oMVDXfI,5306755236,水田客,炖牛肉直接下锅就是大错，用我这种方法炖的牛肉和豆腐一样嫩?#美食##向往的美食#L让你逗我笑的微博视频,,,,"美食,向往的美食",0,0,0,2022/9/5 23:45,微博 weibo.com,,"http://f.video.weibocdn.com/o0/HIhfwBiXlx07T5QCP15K01041201YFpo0E010.mp4?label=mp4_720p&template=720x1280.24.0&trans_finger=0dec003e4dad885964301ff5a1db7715&ori=0&ps=1BVp4ysnknHVZu&Expires=1665145636&ssig=HxbCDZyAVA&KID=unistore,video",
4.81013E+15,M4fqudFZg,3963184341,微笑3963184341,麻辣烫好吃的秘密你知道吗？这样做连汤汁都不剩#美食##向往的美食#L八命影视的微博视频,,,,"美食,向往的美食",0,0,0,2022/9/4 23:55,微博 weibo.com,,"http://f.video.weibocdn.com/o0/pdJJ2C9Elx07Rrn3vL1K01041200pwXz0E010.mp4?label=mp4_720p&template=720x1280.24.0&trans_finger=0dec003e4dad885964301ff5a1db7715&ori=0&ps=1BVp4ysnknHVZu&Expires=1665145649&ssig=uAhXxHXK6q&KID=unistore,video",
4.81013E+15,M4fqujaK7,3867943997,小棉花的喵生很美好,大厨这颠勺的高境界，服气#美食##向往的美食#L挖图志的秒拍视频,,,,"美食,向往的美食",0,0,0,2022/9/4 23:55,微博 weibo.com,,"http://f.us.sinaimg.cn/003myZvulx07lFOOi60E010402003Fth0k010.mp4?label=mp4_hd&template=360x640.28&ori=0&ps=1BVp4ysnknHVZu&Expires=1665145649&ssig=nXuhI0P068&KID=unistore,video",
4.81013E+15,M4fqtlxRO,1873589975,手机用户1873589975,鱿鱼丝在线制作??#美食##向往的美食#L奇闻盘点的微博视频,,,,"美食,向往的美食",0,0,0,2022/9/4 23:55,微博 weibo.com,,"http://f.video.weibocdn.com/001WGhw0gx07LYSKUqgU01041200uNEQ0E010.mp4?label=mp4_hd&template=540x960.24.0&trans_finger=7c347e6ee1691b93dc7e5726f4ef34b3&ori=0&ps=4ub7gI97adQ&Expires=1665145647&ssig=dvWXuKB3bG&KID=unistore,video",
4.81013E+15,M4foNmXqe,2516028662,Zhan是Bo的_Joeyna酱,#美食#美食诱惑@Hani-芽芽,,,Hani-芽芽,美食,0,0,1,2022/9/4 23:50,iPhone客户端,"['https://wx2.sinaimg.cn/large/95f78cf6gy1h5v0c98j2mj22c0340b2a.jpg', 'https://wx4.sinaimg.cn/large/95f78cf6gy1h5v0cb7r7gj22c03404qp.jpg', 'https://wx1.sinaimg.cn/large/95f78cf6gy1h5v0cdazqxj22c03401g1.jpg', 'https://wx3.sinaimg.cn/large/95f78cf6gy1h5v0cf33mpj23402c04qr.jpg', 'https://wx1.sinaimg.cn/large/95f78cf6gy1h5v0cgy81vj22c034079v.jpg', 'https://wx3.sinaimg.cn/large/95f78cf6gy1h5v0c6v7hej22c034079b.jpg']",,
4.81012E+15,M4foBiiFY,1796711434,Xiae_Well,周末#美食???#O绿洲,,,,美食???,0,0,0,2022/9/4 23:50,绿洲APP,"['https://wx1.sinaimg.cn/large/6b17a40aly3h5v0c00si3j21kw16ohdt.jpg', 'https://wx4.sinaimg.cn/large/6b17a40aly3h5v0c1ascqj21kw16o4qp.jpg']",,
4.81012E+15,M4fovASgo,6461052389,茜爷S,韩国街头小吃汉堡，大汉堡！#美食##向往的美食#L让你逗我笑的微博视频,,,,"美食,向往的美食",0,0,0,2022/9/4 23:50,微博 weibo.com,,"http://f.video.weibocdn.com/OwAZHJW8lx07LugaUNnG01041201owLW0E010.mp4?label=mp4_720p&template=960x540.25.0&trans_finger=1f0da16358befad33323e3a1b7f95fc9&ori=0&ps=1BVp4ysnknHVZu&Expires=1665145649&ssig=wWz0Fd2uAW&KID=unistore,video",
